-- Generated by Craft v1.3.2496 on Mar 19, 2014 12:57:21 AM.

--
-- Disable foreign key checks and autocommit.
--

SET FOREIGN_KEY_CHECKS = 0;
SET SQL_MODE = "NO_AUTO_VALUE_ON_ZERO";
SET AUTOCOMMIT = 0;
SET NAMES utf8;


--
-- Schema for table `craft_assetfiles`
--

DROP TABLE IF EXISTS `craft_assetfiles`;

CREATE TABLE `craft_assetfiles` (
  `id` int(11) NOT NULL,
  `sourceId` int(11) NOT NULL,
  `folderId` int(11) NOT NULL,
  `filename` varchar(255) COLLATE utf8_unicode_ci NOT NULL,
  `kind` varchar(50) COLLATE utf8_unicode_ci NOT NULL DEFAULT 'unknown',
  `width` smallint(6) unsigned DEFAULT NULL,
  `height` smallint(6) unsigned DEFAULT NULL,
  `size` int(11) unsigned DEFAULT NULL,
  `dateModified` datetime DEFAULT NULL,
  `dateCreated` datetime NOT NULL,
  `dateUpdated` datetime NOT NULL,
  `uid` char(36) COLLATE utf8_unicode_ci NOT NULL DEFAULT '0',
  PRIMARY KEY (`id`),
  UNIQUE KEY `craft_assetfiles_filename_folderId_unq_idx` (`filename`,`folderId`),
  KEY `craft_assetfiles_sourceId_fk` (`sourceId`),
  KEY `craft_assetfiles_folderId_fk` (`folderId`)
) ENGINE=InnoDB DEFAULT CHARSET=utf8 COLLATE=utf8_unicode_ci;

--
-- Data for table `craft_assetfiles`
--

INSERT INTO `craft_assetfiles` (`id`, `sourceId`, `folderId`, `filename`, `kind`, `width`, `height`, `size`, `dateModified`, `dateCreated`, `dateUpdated`, `uid`) VALUES ('5', '1', '1', 'golf.jpg', 'image', '269', '268', '19082', '2014-02-13 18:18:38', '2014-02-13 18:18:38', '2014-02-13 18:18:38', 'e0ff8802-a268-4a4f-93ee-e331dae61f82');
INSERT INTO `craft_assetfiles` (`id`, `sourceId`, `folderId`, `filename`, `kind`, `width`, `height`, `size`, `dateModified`, `dateCreated`, `dateUpdated`, `uid`) VALUES ('6', '1', '1', 'hiking.jpg', 'image', '269', '338', '21228', '2014-02-13 18:20:18', '2014-02-13 18:20:18', '2014-02-13 18:20:18', '1e1a4f0c-5578-4922-b301-12e85652e0bb');
INSERT INTO `craft_assetfiles` (`id`, `sourceId`, `folderId`, `filename`, `kind`, `width`, `height`, `size`, `dateModified`, `dateCreated`, `dateUpdated`, `uid`) VALUES ('19', '1', '1', '0081331-R1-E066.jpg', 'image', '1800', '1215', '1214666', '2014-03-05 02:54:05', '2014-03-05 02:54:06', '2014-03-05 02:54:06', 'e243dd21-ecae-4405-b4e4-36bb9d1ae869');
INSERT INTO `craft_assetfiles` (`id`, `sourceId`, `folderId`, `filename`, `kind`, `width`, `height`, `size`, `dateModified`, `dateCreated`, `dateUpdated`, `uid`) VALUES ('20', '1', '1', '0081331-R1-E067.jpg', 'image', '1800', '1215', '1264458', '2014-03-05 02:54:06', '2014-03-05 02:54:08', '2014-03-05 02:54:08', '2d3067ff-6794-44b3-a9ba-24d10d47006c');
INSERT INTO `craft_assetfiles` (`id`, `sourceId`, `folderId`, `filename`, `kind`, `width`, `height`, `size`, `dateModified`, `dateCreated`, `dateUpdated`, `uid`) VALUES ('21', '1', '1', '0081331-R1-E068.jpg', 'image', '1800', '1215', '1656745', '2014-03-05 02:54:08', '2014-03-05 02:54:09', '2014-03-05 02:54:09', 'c53a3eb2-bc55-4e6a-8bcd-b1984a178e67');



--
-- Schema for table `craft_assetfolders`
--

DROP TABLE IF EXISTS `craft_assetfolders`;

CREATE TABLE `craft_assetfolders` (
  `id` int(11) NOT NULL AUTO_INCREMENT,
  `parentId` int(11) DEFAULT NULL,
  `sourceId` int(11) NOT NULL,
  `name` varchar(255) COLLATE utf8_unicode_ci NOT NULL,
  `fullPath` varchar(255) COLLATE utf8_unicode_ci DEFAULT NULL,
  `dateCreated` datetime NOT NULL,
  `dateUpdated` datetime NOT NULL,
  `uid` char(36) COLLATE utf8_unicode_ci NOT NULL DEFAULT '0',
  PRIMARY KEY (`id`),
  UNIQUE KEY `craft_assetfolders_name_parentId_sourceId_unq_idx` (`name`,`parentId`,`sourceId`),
  KEY `craft_assetfolders_parentId_fk` (`parentId`),
  KEY `craft_assetfolders_sourceId_fk` (`sourceId`)
) ENGINE=InnoDB AUTO_INCREMENT=2 DEFAULT CHARSET=utf8 COLLATE=utf8_unicode_ci;

--
-- Data for table `craft_assetfolders`
--

INSERT INTO `craft_assetfolders` (`id`, `parentId`, `sourceId`, `name`, `fullPath`, `dateCreated`, `dateUpdated`, `uid`) VALUES ('1', NULL, '1', 'gallery', '', '2014-02-03 19:47:21', '2014-02-03 19:47:21', '402e948b-a295-4c61-be45-4617fb189d46');



--
-- Schema for table `craft_assetindexdata`
--

DROP TABLE IF EXISTS `craft_assetindexdata`;

CREATE TABLE `craft_assetindexdata` (
  `id` int(11) NOT NULL AUTO_INCREMENT,
  `sessionId` varchar(36) COLLATE utf8_unicode_ci NOT NULL DEFAULT '',
  `sourceId` int(10) NOT NULL,
  `offset` int(10) NOT NULL,
  `uri` varchar(255) COLLATE utf8_unicode_ci DEFAULT NULL,
  `size` int(10) DEFAULT NULL,
  `recordId` int(10) DEFAULT NULL,
  `dateCreated` datetime NOT NULL,
  `dateUpdated` datetime NOT NULL,
  `uid` char(36) COLLATE utf8_unicode_ci NOT NULL DEFAULT '0',
  PRIMARY KEY (`id`),
  UNIQUE KEY `craft_assetindexdata_sessionId_sourceId_offset_unq_idx` (`sessionId`,`sourceId`,`offset`),
  KEY `craft_assetindexdata_sourceId_fk` (`sourceId`)
) ENGINE=InnoDB DEFAULT CHARSET=utf8 COLLATE=utf8_unicode_ci;

--
-- Schema for table `craft_assetsources`
--

DROP TABLE IF EXISTS `craft_assetsources`;

CREATE TABLE `craft_assetsources` (
  `id` int(11) NOT NULL AUTO_INCREMENT,
  `name` varchar(255) COLLATE utf8_unicode_ci NOT NULL,
  `type` char(150) COLLATE utf8_unicode_ci NOT NULL,
  `settings` text COLLATE utf8_unicode_ci,
  `sortOrder` tinyint(4) DEFAULT NULL,
  `dateCreated` datetime NOT NULL,
  `dateUpdated` datetime NOT NULL,
  `uid` char(36) COLLATE utf8_unicode_ci NOT NULL DEFAULT '0',
  PRIMARY KEY (`id`),
  UNIQUE KEY `craft_assetsources_name_unq_idx` (`name`)
) ENGINE=InnoDB AUTO_INCREMENT=2 DEFAULT CHARSET=utf8 COLLATE=utf8_unicode_ci;

--
-- Data for table `craft_assetsources`
--

INSERT INTO `craft_assetsources` (`id`, `name`, `type`, `settings`, `sortOrder`, `dateCreated`, `dateUpdated`, `uid`) VALUES ('1', 'gallery', 'Local', '{\"path\":\"_assets\\/uploads\\/gallery\\/\",\"url\":\"http:\\/\\/localhost:8888\\/_assets\\/uploads\\/gallery\\/\"}', '1', '2014-02-03 19:47:21', '2014-02-20 23:48:08', 'dc5e4649-324d-4f04-86f0-76aa09984532');



--
-- Schema for table `craft_assettransformindex`
--

DROP TABLE IF EXISTS `craft_assettransformindex`;

CREATE TABLE `craft_assettransformindex` (
  `id` int(11) NOT NULL AUTO_INCREMENT,
  `fileId` int(11) NOT NULL,
  `location` varchar(255) COLLATE utf8_unicode_ci NOT NULL,
  `sourceId` int(11) NOT NULL,
  `fileExists` tinyint(1) DEFAULT NULL,
  `inProgress` tinyint(1) DEFAULT NULL,
  `dateIndexed` datetime DEFAULT NULL,
  `dateCreated` datetime NOT NULL,
  `dateUpdated` datetime NOT NULL,
  `uid` char(36) COLLATE utf8_unicode_ci NOT NULL DEFAULT '0',
  PRIMARY KEY (`id`),
  KEY `craft_assettransformindex_sourceId_fileId_location_idx` (`sourceId`,`fileId`,`location`)
) ENGINE=InnoDB DEFAULT CHARSET=utf8 COLLATE=utf8_unicode_ci;

--
-- Schema for table `craft_assettransforms`
--

DROP TABLE IF EXISTS `craft_assettransforms`;

CREATE TABLE `craft_assettransforms` (
  `id` int(11) NOT NULL AUTO_INCREMENT,
  `name` varchar(255) COLLATE utf8_unicode_ci NOT NULL,
  `handle` varchar(255) COLLATE utf8_unicode_ci NOT NULL,
  `mode` enum('stretch','fit','crop') COLLATE utf8_unicode_ci NOT NULL DEFAULT 'crop',
  `position` enum('top-left','top-center','top-right','center-left','center-center','center-right','bottom-left','bottom-center','bottom-right') COLLATE utf8_unicode_ci NOT NULL DEFAULT 'center-center',
  `height` int(10) DEFAULT NULL,
  `width` int(10) DEFAULT NULL,
  `dimensionChangeTime` datetime DEFAULT NULL,
  `dateCreated` datetime NOT NULL,
  `dateUpdated` datetime NOT NULL,
  `uid` char(36) COLLATE utf8_unicode_ci NOT NULL DEFAULT '0',
  PRIMARY KEY (`id`),
  UNIQUE KEY `craft_assettransforms_name_unq_idx` (`name`),
  UNIQUE KEY `craft_assettransforms_handle_unq_idx` (`handle`)
) ENGINE=InnoDB DEFAULT CHARSET=utf8 COLLATE=utf8_unicode_ci;

--
-- Schema for table `craft_content`
--

DROP TABLE IF EXISTS `craft_content`;

CREATE TABLE `craft_content` (
  `id` int(11) NOT NULL AUTO_INCREMENT,
  `elementId` int(11) NOT NULL,
  `locale` char(12) COLLATE utf8_unicode_ci NOT NULL,
  `title` varchar(255) COLLATE utf8_unicode_ci DEFAULT NULL,
  `field_heading` text COLLATE utf8_unicode_ci,
  `field_body` text COLLATE utf8_unicode_ci,
  `field_series` text COLLATE utf8_unicode_ci,
  `field_materials` text COLLATE utf8_unicode_ci,
  `field_dimensions` text COLLATE utf8_unicode_ci,
  `field_description` text COLLATE utf8_unicode_ci,
  `dateCreated` datetime NOT NULL,
  `dateUpdated` datetime NOT NULL,
  `uid` char(36) COLLATE utf8_unicode_ci NOT NULL DEFAULT '0',
  PRIMARY KEY (`id`),
  UNIQUE KEY `craft_content_elementId_locale_unq_idx` (`elementId`,`locale`),
  KEY `craft_content_title_idx` (`title`),
  KEY `craft_content_locale_fk` (`locale`)
) ENGINE=InnoDB AUTO_INCREMENT=21 DEFAULT CHARSET=utf8 COLLATE=utf8_unicode_ci;

--
-- Data for table `craft_content`
--

INSERT INTO `craft_content` (`id`, `elementId`, `locale`, `title`, `field_heading`, `field_body`, `field_series`, `field_materials`, `field_dimensions`, `field_description`, `dateCreated`, `dateUpdated`, `uid`) VALUES ('1', '1', 'en_us', NULL, NULL, NULL, NULL, NULL, NULL, NULL, '2014-02-03 19:42:41', '2014-02-03 19:42:41', 'c303bc9a-ebc9-4889-a99c-8b7717d8796c');
INSERT INTO `craft_content` (`id`, `elementId`, `locale`, `title`, `field_heading`, `field_body`, `field_series`, `field_materials`, `field_dimensions`, `field_description`, `dateCreated`, `dateUpdated`, `uid`) VALUES ('2', '2', 'en_us', 'Homepage', 'Welcome to Localhost!', '<p>It’s true, this site doesn’t have a whole lot of content yet, but don’t worry. Our web developers have just installed the CMS, and they’re setting things up for the content editors this very moment. Soon Localhost will be an oasis of fresh perspectives, sharp analyses, and astute opinions that will keep you coming back again and again.</p>', NULL, NULL, NULL, NULL, '2014-02-03 19:42:43', '2014-02-03 19:42:43', '8927a847-69c7-4c52-84de-1ab122326f41');
INSERT INTO `craft_content` (`id`, `elementId`, `locale`, `title`, `field_heading`, `field_body`, `field_series`, `field_materials`, `field_dimensions`, `field_description`, `dateCreated`, `dateUpdated`, `uid`) VALUES ('3', '3', 'en_us', 'We just installed Craft!', NULL, '<p>Craft is the CMS that’s powering Localhost. It’s beautiful, powerful, flexible, and easy-to-use, and it’s made by Pixel &amp; Tonic. We can’t wait to dive in and see what it’s capable of!</p><!--pagebreak--><p>This is even more captivating content, which you couldn’t see on the News index page because it was entered after a Page Break, and the News index template only likes to show the content on the first page.</p><p>Craft: a nice alternative to Word, if you’re making a website.</p>', NULL, NULL, NULL, NULL, '2014-02-03 19:42:43', '2014-02-03 19:42:43', '03530780-4fbc-487d-8f2f-858a18859d88');
INSERT INTO `craft_content` (`id`, `elementId`, `locale`, `title`, `field_heading`, `field_body`, `field_series`, `field_materials`, `field_dimensions`, `field_description`, `dateCreated`, `dateUpdated`, `uid`) VALUES ('5', '5', 'en_us', 'golf', NULL, NULL, NULL, NULL, NULL, NULL, '2014-02-13 18:18:38', '2014-02-13 18:18:38', 'e6825d12-3004-4521-9e15-2c4f7acdf5e9');
INSERT INTO `craft_content` (`id`, `elementId`, `locale`, `title`, `field_heading`, `field_body`, `field_series`, `field_materials`, `field_dimensions`, `field_description`, `dateCreated`, `dateUpdated`, `uid`) VALUES ('6', '6', 'en_us', 'hiking', NULL, NULL, NULL, NULL, NULL, NULL, '2014-02-13 18:20:18', '2014-02-13 18:20:18', 'bdcb9cdd-6138-4ea8-a0d0-bbe4da497e5b');
INSERT INTO `craft_content` (`id`, `elementId`, `locale`, `title`, `field_heading`, `field_body`, `field_series`, `field_materials`, `field_dimensions`, `field_description`, `dateCreated`, `dateUpdated`, `uid`) VALUES ('7', '12', 'en_us', 'test', NULL, NULL, 'series', '2', '123', '<p>Some copy</p>', '2014-03-04 16:04:30', '2014-03-04 19:49:48', 'de79148b-100e-404e-aa80-95343528a653');
INSERT INTO `craft_content` (`id`, `elementId`, `locale`, `title`, `field_heading`, `field_body`, `field_series`, `field_materials`, `field_dimensions`, `field_description`, `dateCreated`, `dateUpdated`, `uid`) VALUES ('9', '14', 'en_us', 'another', NULL, NULL, '3', 'Aaa', 'Aaa', '<p>aa</p>', '2014-03-04 19:44:24', '2014-03-04 19:48:22', 'fa36f09f-ead3-437b-bd6c-814a886f20e6');
INSERT INTO `craft_content` (`id`, `elementId`, `locale`, `title`, `field_heading`, `field_body`, `field_series`, `field_materials`, `field_dimensions`, `field_description`, `dateCreated`, `dateUpdated`, `uid`) VALUES ('10', '7', 'en_us', NULL, NULL, NULL, NULL, NULL, NULL, NULL, '2014-03-05 02:25:16', '2014-03-05 02:25:16', '375f11c0-f8d7-47f2-b67b-afdfee5686cc');
INSERT INTO `craft_content` (`id`, `elementId`, `locale`, `title`, `field_heading`, `field_body`, `field_series`, `field_materials`, `field_dimensions`, `field_description`, `dateCreated`, `dateUpdated`, `uid`) VALUES ('11', '9', 'en_us', NULL, NULL, NULL, NULL, NULL, NULL, NULL, '2014-03-05 02:25:16', '2014-03-05 02:25:16', '9aef560e-c024-42d8-b817-3f615103c067');
INSERT INTO `craft_content` (`id`, `elementId`, `locale`, `title`, `field_heading`, `field_body`, `field_series`, `field_materials`, `field_dimensions`, `field_description`, `dateCreated`, `dateUpdated`, `uid`) VALUES ('12', '10', 'en_us', NULL, NULL, NULL, NULL, NULL, NULL, NULL, '2014-03-05 02:25:16', '2014-03-05 02:25:16', '3f2cc9ff-c8a5-46cc-8ec6-9f65ad84d6e4');
INSERT INTO `craft_content` (`id`, `elementId`, `locale`, `title`, `field_heading`, `field_body`, `field_series`, `field_materials`, `field_dimensions`, `field_description`, `dateCreated`, `dateUpdated`, `uid`) VALUES ('14', '19', 'en_us', '0081331-R1-E066', NULL, NULL, NULL, NULL, NULL, NULL, '2014-03-05 02:54:06', '2014-03-05 02:54:06', '313d77db-1a47-4dce-85f4-1ddce18e2826');
INSERT INTO `craft_content` (`id`, `elementId`, `locale`, `title`, `field_heading`, `field_body`, `field_series`, `field_materials`, `field_dimensions`, `field_description`, `dateCreated`, `dateUpdated`, `uid`) VALUES ('15', '20', 'en_us', '0081331-R1-E067', NULL, NULL, NULL, NULL, NULL, NULL, '2014-03-05 02:54:08', '2014-03-05 02:54:08', '768d8a3f-ee12-4ba1-b87f-8afcd53faacd');
INSERT INTO `craft_content` (`id`, `elementId`, `locale`, `title`, `field_heading`, `field_body`, `field_series`, `field_materials`, `field_dimensions`, `field_description`, `dateCreated`, `dateUpdated`, `uid`) VALUES ('16', '21', 'en_us', '0081331-R1-E068', NULL, NULL, NULL, NULL, NULL, NULL, '2014-03-05 02:54:09', '2014-03-05 02:54:09', 'dbd055fb-c469-4673-ab3e-ee0aa9a085e0');
INSERT INTO `craft_content` (`id`, `elementId`, `locale`, `title`, `field_heading`, `field_body`, `field_series`, `field_materials`, `field_dimensions`, `field_description`, `dateCreated`, `dateUpdated`, `uid`) VALUES ('18', '25', 'en_us', 'Book Of Knowledge', NULL, NULL, 'Gnostic Series', 'Painted reinforced cast paper, wire, twine, wood', 'Opened:  15.5\"H x 77\"W x 12\"D Closed:  15.5\" square', '<p>Text, view I:  And the serpent said unto the woman / God doth know that / in the day ye eat of the fruit of the tree / which is in the midst of the garden / your eyes shall be opened / and ye shall be as gods / knowing good and evil</p><p>Text, view II:  Fruit Pie recipe / Fruit on Hot Cereal recipe / Fruit Crisp recipe / Fruit Snack recipe / Fruit Oatmeal Cookies recipe / Fruit Sauce recipe / Baked Fruit recipe</p>', '2014-03-05 02:56:50', '2014-03-05 02:58:46', 'a35cfcab-4e99-4f00-ae29-573918304d06');
INSERT INTO `craft_content` (`id`, `elementId`, `locale`, `title`, `field_heading`, `field_body`, `field_series`, `field_materials`, `field_dimensions`, `field_description`, `dateCreated`, `dateUpdated`, `uid`) VALUES ('19', '28', 'en_us', 'KNOWLEDGE', NULL, NULL, 'Gnostic Series', 'Painted reinforced cast paper, wire, wood', 'Top:  43\"H x 52\"W x 15\"D Bottom:  Variable', '<p>The forbidden fruit has been sampled and understandably leaves us wanting more.....</p>', '2014-03-05 03:13:46', '2014-03-05 03:13:46', '708f1f7e-8bba-4c7a-a827-6ee26e571590');
INSERT INTO `craft_content` (`id`, `elementId`, `locale`, `title`, `field_heading`, `field_body`, `field_series`, `field_materials`, `field_dimensions`, `field_description`, `dateCreated`, `dateUpdated`, `uid`) VALUES ('20', '29', 'en_us', 'Seires', '', NULL, NULL, NULL, NULL, NULL, '2014-03-05 03:24:58', '2014-03-05 03:24:58', 'b2003074-6905-4119-b50f-5317f7876bed');



--
-- Schema for table `craft_elements`
--

DROP TABLE IF EXISTS `craft_elements`;

CREATE TABLE `craft_elements` (
  `id` int(11) NOT NULL AUTO_INCREMENT,
  `type` char(150) COLLATE utf8_unicode_ci NOT NULL,
  `enabled` tinyint(1) unsigned NOT NULL DEFAULT '1',
  `archived` tinyint(1) unsigned NOT NULL DEFAULT '0',
  `dateCreated` datetime NOT NULL,
  `dateUpdated` datetime NOT NULL,
  `uid` char(36) COLLATE utf8_unicode_ci NOT NULL DEFAULT '0',
  PRIMARY KEY (`id`),
  KEY `craft_elements_type_idx` (`type`),
  KEY `craft_elements_enabled_idx` (`enabled`),
  KEY `craft_elements_archived_idx` (`archived`)
) ENGINE=InnoDB AUTO_INCREMENT=30 DEFAULT CHARSET=utf8 COLLATE=utf8_unicode_ci;

--
-- Data for table `craft_elements`
--

INSERT INTO `craft_elements` (`id`, `type`, `enabled`, `archived`, `dateCreated`, `dateUpdated`, `uid`) VALUES ('1', 'User', '1', '0', '2014-02-03 19:42:41', '2014-02-03 19:42:41', '33270fa8-1f38-49bf-817e-fd36752669d1');
INSERT INTO `craft_elements` (`id`, `type`, `enabled`, `archived`, `dateCreated`, `dateUpdated`, `uid`) VALUES ('2', 'Entry', '1', '0', '2014-02-03 19:42:43', '2014-02-03 19:42:43', 'b12d28c9-485b-46b6-b183-b7a12d256acd');
INSERT INTO `craft_elements` (`id`, `type`, `enabled`, `archived`, `dateCreated`, `dateUpdated`, `uid`) VALUES ('3', 'Entry', '1', '0', '2014-02-03 19:42:43', '2014-02-03 19:42:43', '5ec33461-cadd-4262-bbe5-f08cf92e1c91');
INSERT INTO `craft_elements` (`id`, `type`, `enabled`, `archived`, `dateCreated`, `dateUpdated`, `uid`) VALUES ('5', 'Asset', '1', '0', '2014-02-13 18:18:38', '2014-02-13 18:18:38', '196054dd-e9fa-40b8-b5a1-a255516c3721');
INSERT INTO `craft_elements` (`id`, `type`, `enabled`, `archived`, `dateCreated`, `dateUpdated`, `uid`) VALUES ('6', 'Asset', '1', '0', '2014-02-13 18:20:18', '2014-02-13 18:20:18', '53eeb4f5-9d3d-49ad-b8fb-433bcbe3faa5');
INSERT INTO `craft_elements` (`id`, `type`, `enabled`, `archived`, `dateCreated`, `dateUpdated`, `uid`) VALUES ('7', 'MatrixBlock', '1', '0', '2014-02-13 18:21:45', '2014-03-05 02:25:29', 'f4442cfb-6334-488e-8b12-9eea912ca317');
INSERT INTO `craft_elements` (`id`, `type`, `enabled`, `archived`, `dateCreated`, `dateUpdated`, `uid`) VALUES ('9', 'MatrixBlock', '1', '0', '2014-02-13 20:59:35', '2014-03-05 02:25:30', 'c4381cab-2d2c-45b3-bd56-477de451f783');
INSERT INTO `craft_elements` (`id`, `type`, `enabled`, `archived`, `dateCreated`, `dateUpdated`, `uid`) VALUES ('10', 'MatrixBlock', '1', '0', '2014-02-20 23:48:53', '2014-03-05 02:25:30', '468a9da6-1171-4c16-b2ad-9de061fbc765');
INSERT INTO `craft_elements` (`id`, `type`, `enabled`, `archived`, `dateCreated`, `dateUpdated`, `uid`) VALUES ('12', 'Entry', '1', '0', '2014-03-04 16:04:30', '2014-03-04 19:49:48', 'c517bb9d-0b2f-4d91-95b1-12535a2db73c');
INSERT INTO `craft_elements` (`id`, `type`, `enabled`, `archived`, `dateCreated`, `dateUpdated`, `uid`) VALUES ('14', 'Entry', '1', '0', '2014-03-04 19:44:24', '2014-03-04 19:48:22', '2e40b489-930a-4d75-b8ba-5352e441c7c7');
INSERT INTO `craft_elements` (`id`, `type`, `enabled`, `archived`, `dateCreated`, `dateUpdated`, `uid`) VALUES ('16', 'MatrixBlock', '1', '0', '2014-03-05 02:36:51', '2014-03-05 02:36:51', 'f2c5d680-0cbf-462d-86a9-b421560176d8');
INSERT INTO `craft_elements` (`id`, `type`, `enabled`, `archived`, `dateCreated`, `dateUpdated`, `uid`) VALUES ('17', 'MatrixBlock', '1', '0', '2014-03-05 02:36:51', '2014-03-05 02:36:51', '2cf0c1b2-e954-4ab9-926f-fd1e6e7a50b7');
INSERT INTO `craft_elements` (`id`, `type`, `enabled`, `archived`, `dateCreated`, `dateUpdated`, `uid`) VALUES ('18', 'Entry', '1', '0', '2014-03-05 02:47:53', '2014-03-05 02:47:53', 'a3f8064a-5264-4a04-b177-49cc4fa5a655');
INSERT INTO `craft_elements` (`id`, `type`, `enabled`, `archived`, `dateCreated`, `dateUpdated`, `uid`) VALUES ('19', 'Asset', '1', '0', '2014-03-05 02:54:06', '2014-03-05 02:54:06', '8ef1fe7b-20f6-4819-bc45-80a23a4f3bf9');
INSERT INTO `craft_elements` (`id`, `type`, `enabled`, `archived`, `dateCreated`, `dateUpdated`, `uid`) VALUES ('20', 'Asset', '1', '0', '2014-03-05 02:54:08', '2014-03-05 02:54:08', '6c58ce6e-48c1-4864-8023-33c444493edf');
INSERT INTO `craft_elements` (`id`, `type`, `enabled`, `archived`, `dateCreated`, `dateUpdated`, `uid`) VALUES ('21', 'Asset', '1', '0', '2014-03-05 02:54:09', '2014-03-05 02:54:09', '9ae43d9d-445b-4a01-963c-25ef4616d3c0');
INSERT INTO `craft_elements` (`id`, `type`, `enabled`, `archived`, `dateCreated`, `dateUpdated`, `uid`) VALUES ('23', 'MatrixBlock', '1', '0', '2014-03-05 02:56:26', '2014-03-05 02:56:26', 'db98b7ba-20c3-48f9-9274-d980f0bc7968');
INSERT INTO `craft_elements` (`id`, `type`, `enabled`, `archived`, `dateCreated`, `dateUpdated`, `uid`) VALUES ('24', 'MatrixBlock', '1', '0', '2014-03-05 02:56:26', '2014-03-05 02:56:26', '6645288b-11c1-4d94-be5a-59de8f887d17');
INSERT INTO `craft_elements` (`id`, `type`, `enabled`, `archived`, `dateCreated`, `dateUpdated`, `uid`) VALUES ('25', 'Entry', '1', '0', '2014-03-05 02:56:50', '2014-03-05 02:58:46', '6fd5ede9-edd1-4511-8655-c7acd10190e9');
INSERT INTO `craft_elements` (`id`, `type`, `enabled`, `archived`, `dateCreated`, `dateUpdated`, `uid`) VALUES ('26', 'MatrixBlock', '1', '0', '2014-03-05 02:56:50', '2014-03-05 02:58:46', 'edea7e3e-39b1-465b-8b0f-c092053c08e5');
INSERT INTO `craft_elements` (`id`, `type`, `enabled`, `archived`, `dateCreated`, `dateUpdated`, `uid`) VALUES ('27', 'MatrixBlock', '1', '0', '2014-03-05 02:56:50', '2014-03-05 02:58:46', 'e68d6758-0cc3-4e9e-b99c-bee2519a7453');
INSERT INTO `craft_elements` (`id`, `type`, `enabled`, `archived`, `dateCreated`, `dateUpdated`, `uid`) VALUES ('28', 'Entry', '1', '0', '2014-03-05 03:13:46', '2014-03-05 03:13:46', 'ba0e3646-4970-4b4a-ab02-56a22bd2d1dc');
INSERT INTO `craft_elements` (`id`, `type`, `enabled`, `archived`, `dateCreated`, `dateUpdated`, `uid`) VALUES ('29', 'Entry', '1', '0', '2014-03-05 03:24:58', '2014-03-05 03:24:58', '71e195ff-20fa-425b-abfe-633578851f96');



--
-- Schema for table `craft_elements_i18n`
--

DROP TABLE IF EXISTS `craft_elements_i18n`;

CREATE TABLE `craft_elements_i18n` (
  `id` int(11) NOT NULL AUTO_INCREMENT,
  `elementId` int(11) NOT NULL,
  `locale` char(12) COLLATE utf8_unicode_ci NOT NULL,
  `uri` varchar(255) COLLATE utf8_unicode_ci DEFAULT NULL,
  `dateCreated` datetime NOT NULL,
  `dateUpdated` datetime NOT NULL,
  `uid` char(36) COLLATE utf8_unicode_ci NOT NULL DEFAULT '0',
  PRIMARY KEY (`id`),
  UNIQUE KEY `craft_elements_i18n_elementId_locale_unq_idx` (`elementId`,`locale`),
  UNIQUE KEY `craft_elements_i18n_uri_locale_unq_idx` (`uri`,`locale`),
  KEY `craft_elements_i18n_locale_fk` (`locale`)
) ENGINE=InnoDB AUTO_INCREMENT=25 DEFAULT CHARSET=utf8 COLLATE=utf8_unicode_ci;

--
-- Data for table `craft_elements_i18n`
--

INSERT INTO `craft_elements_i18n` (`id`, `elementId`, `locale`, `uri`, `dateCreated`, `dateUpdated`, `uid`) VALUES ('1', '2', 'en_us', '__home__', '2014-02-03 19:42:43', '2014-02-03 19:42:43', '47d0c607-952c-47bc-9000-ec32f409ee6e');
INSERT INTO `craft_elements_i18n` (`id`, `elementId`, `locale`, `uri`, `dateCreated`, `dateUpdated`, `uid`) VALUES ('2', '3', 'en_us', 'news/2014/we-just-installed-craft', '2014-02-03 19:42:43', '2014-02-03 19:42:43', '42156334-0c13-4144-82db-7f0a251f3778');
INSERT INTO `craft_elements_i18n` (`id`, `elementId`, `locale`, `uri`, `dateCreated`, `dateUpdated`, `uid`) VALUES ('3', '1', 'en_us', NULL, '2014-02-13 13:25:41', '2014-02-13 13:25:41', '8244a53c-05c8-48c8-9465-bf58cdf9464c');
INSERT INTO `craft_elements_i18n` (`id`, `elementId`, `locale`, `uri`, `dateCreated`, `dateUpdated`, `uid`) VALUES ('5', '7', 'en_us', NULL, '2014-02-13 18:21:45', '2014-03-05 02:25:29', 'ae7ac65e-ff77-45a7-af66-854423c97972');
INSERT INTO `craft_elements_i18n` (`id`, `elementId`, `locale`, `uri`, `dateCreated`, `dateUpdated`, `uid`) VALUES ('7', '9', 'en_us', NULL, '2014-02-13 20:59:35', '2014-03-05 02:25:30', '6151e86b-ff77-4843-b0e0-c5f8b8872661');
INSERT INTO `craft_elements_i18n` (`id`, `elementId`, `locale`, `uri`, `dateCreated`, `dateUpdated`, `uid`) VALUES ('8', '10', 'en_us', NULL, '2014-02-20 23:48:53', '2014-03-05 02:25:30', 'a1af74f9-4706-4ed9-aa43-7eeaf3a09d65');
INSERT INTO `craft_elements_i18n` (`id`, `elementId`, `locale`, `uri`, `dateCreated`, `dateUpdated`, `uid`) VALUES ('9', '12', 'en_us', 'gallery/1212/test', '2014-03-04 16:04:30', '2014-03-04 19:50:40', '4941500c-70f2-4ab5-936b-cdd85c93b108');
INSERT INTO `craft_elements_i18n` (`id`, `elementId`, `locale`, `uri`, `dateCreated`, `dateUpdated`, `uid`) VALUES ('11', '14', 'en_us', 'gallery/1212/another', '2014-03-04 19:44:24', '2014-03-04 19:50:44', '921d03d6-7844-41c7-9bd4-e0e8fcd4dbcd');
INSERT INTO `craft_elements_i18n` (`id`, `elementId`, `locale`, `uri`, `dateCreated`, `dateUpdated`, `uid`) VALUES ('12', '5', 'en_us', NULL, '2014-03-05 02:25:16', '2014-03-05 02:25:16', '44dd9888-3163-46aa-9e99-89f94a143e0b');
INSERT INTO `craft_elements_i18n` (`id`, `elementId`, `locale`, `uri`, `dateCreated`, `dateUpdated`, `uid`) VALUES ('13', '6', 'en_us', NULL, '2014-03-05 02:25:16', '2014-03-05 02:25:16', '6269061a-8229-4184-b8a2-3a51bf5ec105');
INSERT INTO `craft_elements_i18n` (`id`, `elementId`, `locale`, `uri`, `dateCreated`, `dateUpdated`, `uid`) VALUES ('15', '16', 'en_us', NULL, '2014-03-05 02:36:51', '2014-03-05 02:36:51', '89247e0e-962a-40d3-89d0-f2c6b7e5848f');
INSERT INTO `craft_elements_i18n` (`id`, `elementId`, `locale`, `uri`, `dateCreated`, `dateUpdated`, `uid`) VALUES ('16', '17', 'en_us', NULL, '2014-03-05 02:36:51', '2014-03-05 02:36:51', '95bc49cf-432b-4d46-b959-a1612dd20864');
INSERT INTO `craft_elements_i18n` (`id`, `elementId`, `locale`, `uri`, `dateCreated`, `dateUpdated`, `uid`) VALUES ('18', '23', 'en_us', NULL, '2014-03-05 02:56:26', '2014-03-05 02:56:26', 'fc80b94d-1e9d-44f0-801c-9d26bab5187a');
INSERT INTO `craft_elements_i18n` (`id`, `elementId`, `locale`, `uri`, `dateCreated`, `dateUpdated`, `uid`) VALUES ('19', '24', 'en_us', NULL, '2014-03-05 02:56:26', '2014-03-05 02:56:26', '20894248-648c-4d8a-8295-0f700f16f41e');
INSERT INTO `craft_elements_i18n` (`id`, `elementId`, `locale`, `uri`, `dateCreated`, `dateUpdated`, `uid`) VALUES ('20', '25', 'en_us', 'gallery/seires/book-of-knowledge', '2014-03-05 02:56:50', '2014-03-05 03:25:06', 'e40e8d61-ed3e-4e0e-bf81-0b76d2e42282');
INSERT INTO `craft_elements_i18n` (`id`, `elementId`, `locale`, `uri`, `dateCreated`, `dateUpdated`, `uid`) VALUES ('21', '26', 'en_us', NULL, '2014-03-05 02:56:50', '2014-03-05 02:58:46', '2dbaba61-61e2-47aa-9b4f-13979f3c0ad5');
INSERT INTO `craft_elements_i18n` (`id`, `elementId`, `locale`, `uri`, `dateCreated`, `dateUpdated`, `uid`) VALUES ('22', '27', 'en_us', NULL, '2014-03-05 02:56:50', '2014-03-05 02:58:46', 'fbfd0fae-fca9-47e3-a38e-277dff496cdc');
INSERT INTO `craft_elements_i18n` (`id`, `elementId`, `locale`, `uri`, `dateCreated`, `dateUpdated`, `uid`) VALUES ('23', '28', 'en_us', 'gallery/seires/book-of-knowledge/knowledge', '2014-03-05 03:13:46', '2014-03-05 03:25:06', '08305d28-ec4c-40cb-b06b-ffe7b24c6bce');
INSERT INTO `craft_elements_i18n` (`id`, `elementId`, `locale`, `uri`, `dateCreated`, `dateUpdated`, `uid`) VALUES ('24', '29', 'en_us', 'gallery/seires', '2014-03-05 03:24:58', '2014-03-05 03:24:58', 'd5f6197e-85eb-4776-8935-12a12f0aa845');



--
-- Schema for table `craft_emailmessages`
--

DROP TABLE IF EXISTS `craft_emailmessages`;

CREATE TABLE `craft_emailmessages` (
  `id` int(11) NOT NULL AUTO_INCREMENT,
  `key` char(150) COLLATE utf8_unicode_ci NOT NULL,
  `locale` char(12) COLLATE utf8_unicode_ci NOT NULL,
  `subject` varchar(1000) COLLATE utf8_unicode_ci NOT NULL,
  `body` text COLLATE utf8_unicode_ci NOT NULL,
  `dateCreated` datetime NOT NULL,
  `dateUpdated` datetime NOT NULL,
  `uid` char(36) COLLATE utf8_unicode_ci NOT NULL DEFAULT '0',
  PRIMARY KEY (`id`),
  UNIQUE KEY `craft_emailmessages_key_locale_unq_idx` (`key`,`locale`),
  KEY `craft_emailmessages_locale_fk` (`locale`)
) ENGINE=InnoDB DEFAULT CHARSET=utf8 COLLATE=utf8_unicode_ci;

--
-- Schema for table `craft_entries`
--

DROP TABLE IF EXISTS `craft_entries`;

CREATE TABLE `craft_entries` (
  `id` int(11) NOT NULL,
  `sectionId` int(11) NOT NULL,
  `typeId` int(11) DEFAULT NULL,
  `authorId` int(11) DEFAULT NULL,
  `root` int(10) DEFAULT NULL,
  `lft` int(10) unsigned DEFAULT NULL,
  `rgt` int(10) unsigned DEFAULT NULL,
  `depth` smallint(6) unsigned DEFAULT NULL,
  `postDate` datetime DEFAULT NULL,
  `expiryDate` datetime DEFAULT NULL,
  `dateCreated` datetime NOT NULL,
  `dateUpdated` datetime NOT NULL,
  `uid` char(36) COLLATE utf8_unicode_ci NOT NULL DEFAULT '0',
  PRIMARY KEY (`id`),
  KEY `craft_entries_sectionId_idx` (`sectionId`),
  KEY `craft_entries_typeId_idx` (`typeId`),
  KEY `craft_entries_root_idx` (`root`),
  KEY `craft_entries_lft_idx` (`lft`),
  KEY `craft_entries_rgt_idx` (`rgt`),
  KEY `craft_entries_depth_idx` (`depth`),
  KEY `craft_entries_postDate_idx` (`postDate`),
  KEY `craft_entries_expiryDate_idx` (`expiryDate`),
  KEY `craft_entries_authorId_fk` (`authorId`)
) ENGINE=InnoDB DEFAULT CHARSET=utf8 COLLATE=utf8_unicode_ci;

--
-- Data for table `craft_entries`
--

INSERT INTO `craft_entries` (`id`, `sectionId`, `typeId`, `authorId`, `root`, `lft`, `rgt`, `depth`, `postDate`, `expiryDate`, `dateCreated`, `dateUpdated`, `uid`) VALUES ('2', '1', '1', NULL, NULL, NULL, NULL, NULL, '2014-02-03 19:42:43', NULL, '2014-02-03 19:42:43', '2014-02-03 19:42:43', 'e4b3ff13-7c5b-4de0-a607-b146a06cd248');
INSERT INTO `craft_entries` (`id`, `sectionId`, `typeId`, `authorId`, `root`, `lft`, `rgt`, `depth`, `postDate`, `expiryDate`, `dateCreated`, `dateUpdated`, `uid`) VALUES ('3', '2', '2', '1', NULL, NULL, NULL, NULL, '2014-02-03 19:42:43', NULL, '2014-02-03 19:42:43', '2014-02-03 19:42:43', '3aa65b93-4ccd-4ffb-b75d-f6301b5a25e3');
INSERT INTO `craft_entries` (`id`, `sectionId`, `typeId`, `authorId`, `root`, `lft`, `rgt`, `depth`, `postDate`, `expiryDate`, `dateCreated`, `dateUpdated`, `uid`) VALUES ('18', '5', NULL, NULL, '18', '1', '8', '0', NULL, NULL, '2014-03-05 02:47:53', '2014-03-05 02:47:53', '3ea35118-ecc3-40a2-a5f6-419ba9ca3af6');
INSERT INTO `craft_entries` (`id`, `sectionId`, `typeId`, `authorId`, `root`, `lft`, `rgt`, `depth`, `postDate`, `expiryDate`, `dateCreated`, `dateUpdated`, `uid`) VALUES ('25', '5', '6', '1', '18', '3', '6', '2', '2014-03-05 02:56:00', NULL, '2014-03-05 02:56:50', '2014-03-05 02:58:46', '9ac28159-3b8d-4c31-a337-ce05c530d2f7');
INSERT INTO `craft_entries` (`id`, `sectionId`, `typeId`, `authorId`, `root`, `lft`, `rgt`, `depth`, `postDate`, `expiryDate`, `dateCreated`, `dateUpdated`, `uid`) VALUES ('28', '5', '6', '1', '18', '4', '5', '3', '2014-03-05 03:13:46', NULL, '2014-03-05 03:13:46', '2014-03-05 03:13:46', '6a8aef56-d66f-4982-b562-a6c68e70411a');
INSERT INTO `craft_entries` (`id`, `sectionId`, `typeId`, `authorId`, `root`, `lft`, `rgt`, `depth`, `postDate`, `expiryDate`, `dateCreated`, `dateUpdated`, `uid`) VALUES ('29', '5', '7', '1', '18', '2', '7', '1', '2014-03-05 03:24:58', NULL, '2014-03-05 03:24:58', '2014-03-05 03:24:58', '11c05ed6-9cef-4d7e-a758-3db4e0cb6ff2');



--
-- Schema for table `craft_entries_i18n`
--

DROP TABLE IF EXISTS `craft_entries_i18n`;

CREATE TABLE `craft_entries_i18n` (
  `id` int(11) NOT NULL AUTO_INCREMENT,
  `entryId` int(11) NOT NULL,
  `sectionId` int(11) NOT NULL,
  `locale` char(12) COLLATE utf8_unicode_ci NOT NULL,
  `slug` varchar(255) COLLATE utf8_unicode_ci NOT NULL,
  `dateCreated` datetime NOT NULL,
  `dateUpdated` datetime NOT NULL,
  `uid` char(36) COLLATE utf8_unicode_ci NOT NULL DEFAULT '0',
  PRIMARY KEY (`id`),
  UNIQUE KEY `craft_entries_i18n_entryId_locale_unq_idx` (`entryId`,`locale`),
  UNIQUE KEY `craft_entries_i18n_slug_sectionId_locale_unq_idx` (`slug`,`sectionId`,`locale`),
  KEY `craft_entries_i18n_sectionId_fk` (`sectionId`),
  KEY `craft_entries_i18n_locale_fk` (`locale`)
) ENGINE=InnoDB AUTO_INCREMENT=12 DEFAULT CHARSET=utf8 COLLATE=utf8_unicode_ci;

--
-- Data for table `craft_entries_i18n`
--

INSERT INTO `craft_entries_i18n` (`id`, `entryId`, `sectionId`, `locale`, `slug`, `dateCreated`, `dateUpdated`, `uid`) VALUES ('1', '2', '1', 'en_us', 'homepage', '2014-02-03 19:42:43', '2014-02-03 19:42:43', '8eca94e1-30c6-4e2f-8d4c-eda9b62f5795');
INSERT INTO `craft_entries_i18n` (`id`, `entryId`, `sectionId`, `locale`, `slug`, `dateCreated`, `dateUpdated`, `uid`) VALUES ('2', '3', '2', 'en_us', 'we-just-installed-craft', '2014-02-03 19:42:43', '2014-02-03 19:42:43', '0a25ff7b-8364-4d80-9c67-799245ea13a6');
INSERT INTO `craft_entries_i18n` (`id`, `entryId`, `sectionId`, `locale`, `slug`, `dateCreated`, `dateUpdated`, `uid`) VALUES ('9', '25', '5', 'en_us', 'book-of-knowledge', '2014-03-05 02:56:50', '2014-03-05 02:58:46', '5452e562-899b-40a7-aaf6-c8c2a68f4122');
INSERT INTO `craft_entries_i18n` (`id`, `entryId`, `sectionId`, `locale`, `slug`, `dateCreated`, `dateUpdated`, `uid`) VALUES ('10', '28', '5', 'en_us', 'knowledge', '2014-03-05 03:13:46', '2014-03-05 03:13:46', 'cc5dcc9b-ac1c-443e-907f-54f9e1cc4280');
INSERT INTO `craft_entries_i18n` (`id`, `entryId`, `sectionId`, `locale`, `slug`, `dateCreated`, `dateUpdated`, `uid`) VALUES ('11', '29', '5', 'en_us', 'seires', '2014-03-05 03:24:58', '2014-03-05 03:24:58', '1b50fe60-f557-4320-8fba-cbf775b412e6');



--
-- Schema for table `craft_entrydrafts`
--

DROP TABLE IF EXISTS `craft_entrydrafts`;

CREATE TABLE `craft_entrydrafts` (
  `id` int(11) NOT NULL AUTO_INCREMENT,
  `entryId` int(11) NOT NULL,
  `sectionId` int(11) NOT NULL,
  `creatorId` int(11) NOT NULL,
  `locale` char(12) COLLATE utf8_unicode_ci NOT NULL,
  `name` varchar(255) COLLATE utf8_unicode_ci DEFAULT NULL,
  `data` mediumtext COLLATE utf8_unicode_ci NOT NULL,
  `dateCreated` datetime NOT NULL,
  `dateUpdated` datetime NOT NULL,
  `uid` char(36) COLLATE utf8_unicode_ci NOT NULL DEFAULT '0',
  PRIMARY KEY (`id`),
  KEY `craft_entrydrafts_entryId_locale_idx` (`entryId`,`locale`),
  KEY `craft_entrydrafts_sectionId_fk` (`sectionId`),
  KEY `craft_entrydrafts_creatorId_fk` (`creatorId`),
  KEY `craft_entrydrafts_locale_fk` (`locale`)
) ENGINE=InnoDB DEFAULT CHARSET=utf8 COLLATE=utf8_unicode_ci;

--
-- Schema for table `craft_entrytypes`
--

DROP TABLE IF EXISTS `craft_entrytypes`;

CREATE TABLE `craft_entrytypes` (
  `id` int(11) NOT NULL AUTO_INCREMENT,
  `sectionId` int(11) NOT NULL,
  `fieldLayoutId` int(11) DEFAULT NULL,
  `name` varchar(255) COLLATE utf8_unicode_ci NOT NULL,
  `handle` varchar(255) COLLATE utf8_unicode_ci NOT NULL,
  `titleLabel` varchar(255) COLLATE utf8_unicode_ci DEFAULT 'Title',
  `sortOrder` tinyint(4) DEFAULT NULL,
  `dateCreated` datetime NOT NULL,
  `dateUpdated` datetime NOT NULL,
  `uid` char(36) COLLATE utf8_unicode_ci NOT NULL DEFAULT '0',
  PRIMARY KEY (`id`),
  UNIQUE KEY `craft_entrytypes_name_sectionId_unq_idx` (`name`,`sectionId`),
  UNIQUE KEY `craft_entrytypes_handle_sectionId_unq_idx` (`handle`,`sectionId`),
  KEY `craft_entrytypes_sectionId_fk` (`sectionId`),
  KEY `craft_entrytypes_fieldLayoutId_fk` (`fieldLayoutId`)
) ENGINE=InnoDB AUTO_INCREMENT=8 DEFAULT CHARSET=utf8 COLLATE=utf8_unicode_ci;

--
-- Data for table `craft_entrytypes`
--

INSERT INTO `craft_entrytypes` (`id`, `sectionId`, `fieldLayoutId`, `name`, `handle`, `titleLabel`, `sortOrder`, `dateCreated`, `dateUpdated`, `uid`) VALUES ('1', '1', '3', 'Homepage', 'homepage', 'Title', NULL, '2014-02-03 19:42:43', '2014-02-03 19:42:43', '610b15c8-96fa-48c2-9bd2-3b2b28dd31ee');
INSERT INTO `craft_entrytypes` (`id`, `sectionId`, `fieldLayoutId`, `name`, `handle`, `titleLabel`, `sortOrder`, `dateCreated`, `dateUpdated`, `uid`) VALUES ('2', '2', '5', 'News', 'news', 'Title', NULL, '2014-02-03 19:42:43', '2014-02-03 19:42:43', '1919a7b7-9643-45ac-8cd4-8feb70bb4d2f');
INSERT INTO `craft_entrytypes` (`id`, `sectionId`, `fieldLayoutId`, `name`, `handle`, `titleLabel`, `sortOrder`, `dateCreated`, `dateUpdated`, `uid`) VALUES ('6', '5', '25', 'Gallery', 'gallery', 'Title', NULL, '2014-03-05 02:47:53', '2014-03-05 02:48:50', '39172314-dd88-4c15-ab2e-938ff131e6ba');
INSERT INTO `craft_entrytypes` (`id`, `sectionId`, `fieldLayoutId`, `name`, `handle`, `titleLabel`, `sortOrder`, `dateCreated`, `dateUpdated`, `uid`) VALUES ('7', '5', '26', 'Headline', 'headline', 'Title', NULL, '2014-03-05 03:24:39', '2014-03-05 03:24:39', '29dc2331-df68-401f-96a2-f0ff5118776e');



--
-- Schema for table `craft_entryversions`
--

DROP TABLE IF EXISTS `craft_entryversions`;

CREATE TABLE `craft_entryversions` (
  `id` int(11) NOT NULL AUTO_INCREMENT,
  `entryId` int(11) NOT NULL,
  `sectionId` int(11) NOT NULL,
  `creatorId` int(11) DEFAULT NULL,
  `locale` char(12) COLLATE utf8_unicode_ci NOT NULL,
  `notes` tinytext COLLATE utf8_unicode_ci,
  `data` mediumtext COLLATE utf8_unicode_ci NOT NULL,
  `dateCreated` datetime NOT NULL,
  `dateUpdated` datetime NOT NULL,
  `uid` char(36) COLLATE utf8_unicode_ci NOT NULL DEFAULT '0',
  PRIMARY KEY (`id`),
  KEY `craft_entryversions_entryId_locale_idx` (`entryId`,`locale`),
  KEY `craft_entryversions_sectionId_fk` (`sectionId`),
  KEY `craft_entryversions_creatorId_fk` (`creatorId`),
  KEY `craft_entryversions_locale_fk` (`locale`)
) ENGINE=InnoDB AUTO_INCREMENT=24 DEFAULT CHARSET=utf8 COLLATE=utf8_unicode_ci;

--
-- Data for table `craft_entryversions`
--

INSERT INTO `craft_entryversions` (`id`, `entryId`, `sectionId`, `creatorId`, `locale`, `notes`, `data`, `dateCreated`, `dateUpdated`, `uid`) VALUES ('20', '25', '5', '1', 'en_us', NULL, '{\"authorId\":\"1\",\"title\":\"Book Of Knowledge\",\"slug\":\"book-of-knowledge-1\",\"postDate\":1393988210,\"expiryDate\":null,\"enabled\":1,\"fields\":{\"7\":\"<p>Text, view I:  And the serpent said unto the woman \\/ God doth know that \\/ in the day ye eat of the fruit of the tree \\/ which is in the midst of the garden \\/ your eyes shall be opened \\/ and ye shall be as gods \\/ knowing good and evil<\\/p><p>Text, view II:  Fruit Pie recipe \\/ Fruit on Hot Cereal recipe \\/ Fruit Crisp recipe \\/ Fruit Snack recipe \\/ Fruit Oatmeal Cookies recipe \\/ Fruit Sauce recipe \\/ Baked Fruit recipe<\\/p>\",\"6\":\"Opened:  15.5\\\"H x 77\\\"W x 12\\\"D Closed:  15.5\\\" square\",\"8\":[{\"id\":null,\"enabled\":1,\"archived\":0,\"locale\":\"en_us\",\"uri\":null,\"dateCreated\":null,\"dateUpdated\":null,\"fieldId\":\"8\",\"ownerId\":null,\"typeId\":\"3\",\"sortOrder\":1}],\"15\":[{\"id\":null,\"enabled\":1,\"archived\":0,\"locale\":\"en_us\",\"uri\":null,\"dateCreated\":null,\"dateUpdated\":null,\"fieldId\":\"15\",\"ownerId\":null,\"typeId\":\"5\",\"sortOrder\":1}],\"5\":\"Painted reinforced cast paper, wire, twine, wood\",\"4\":\"Gnostic Series\"}}', '2014-03-05 02:56:50', '2014-03-05 02:56:50', 'ade844ae-2d95-43a6-aaec-bad4320c172a');
INSERT INTO `craft_entryversions` (`id`, `entryId`, `sectionId`, `creatorId`, `locale`, `notes`, `data`, `dateCreated`, `dateUpdated`, `uid`) VALUES ('21', '25', '5', '1', 'en_us', NULL, '{\"authorId\":\"1\",\"title\":\"Book Of Knowledge\",\"slug\":\"book-of-knowledge\",\"postDate\":1393988160,\"expiryDate\":null,\"enabled\":1,\"fields\":{\"7\":\"<p>Text, view I:  And the serpent said unto the woman \\/ God doth know that \\/ in the day ye eat of the fruit of the tree \\/ which is in the midst of the garden \\/ your eyes shall be opened \\/ and ye shall be as gods \\/ knowing good and evil<\\/p><p>Text, view II:  Fruit Pie recipe \\/ Fruit on Hot Cereal recipe \\/ Fruit Crisp recipe \\/ Fruit Snack recipe \\/ Fruit Oatmeal Cookies recipe \\/ Fruit Sauce recipe \\/ Baked Fruit recipe<\\/p>\",\"6\":\"Opened:  15.5\\\"H x 77\\\"W x 12\\\"D Closed:  15.5\\\" square\",\"8\":[{\"id\":\"26\",\"enabled\":1,\"archived\":\"0\",\"locale\":\"en_us\",\"uri\":null,\"dateCreated\":\"2014-03-05 02:56:50\",\"dateUpdated\":\"2014-03-05 02:56:50\",\"fieldId\":\"8\",\"ownerId\":\"25\",\"typeId\":\"3\",\"sortOrder\":1}],\"15\":[{\"id\":\"27\",\"enabled\":1,\"archived\":\"0\",\"locale\":\"en_us\",\"uri\":null,\"dateCreated\":\"2014-03-05 02:56:50\",\"dateUpdated\":\"2014-03-05 02:56:50\",\"fieldId\":\"15\",\"ownerId\":\"25\",\"typeId\":\"5\",\"sortOrder\":1}],\"5\":\"Painted reinforced cast paper, wire, twine, wood\",\"4\":\"Gnostic Series\"}}', '2014-03-05 02:58:46', '2014-03-05 02:58:46', 'e126eb50-e820-4ebc-b407-4c8b2cdbd50d');
INSERT INTO `craft_entryversions` (`id`, `entryId`, `sectionId`, `creatorId`, `locale`, `notes`, `data`, `dateCreated`, `dateUpdated`, `uid`) VALUES ('22', '28', '5', '1', 'en_us', NULL, '{\"authorId\":\"1\",\"title\":\"KNOWLEDGE\",\"slug\":\"knowledge\",\"postDate\":1393989226,\"expiryDate\":null,\"enabled\":1,\"fields\":{\"7\":\"<p>The forbidden fruit has been sampled and understandably leaves us wanting more.....<\\/p>\",\"6\":\"Top:  43\\\"H x 52\\\"W x 15\\\"D Bottom:  Variable\",\"8\":[],\"15\":[],\"5\":\"Painted reinforced cast paper, wire, wood\",\"4\":\"Gnostic Series\"}}', '2014-03-05 03:13:46', '2014-03-05 03:13:46', '7a8d8ec0-76e9-426d-8590-e294a2bf42b5');
INSERT INTO `craft_entryversions` (`id`, `entryId`, `sectionId`, `creatorId`, `locale`, `notes`, `data`, `dateCreated`, `dateUpdated`, `uid`) VALUES ('23', '29', '5', '1', 'en_us', NULL, '{\"authorId\":\"1\",\"title\":\"Seires\",\"slug\":\"seires\",\"postDate\":1393989898,\"expiryDate\":null,\"enabled\":1,\"fields\":{\"1\":\"\"}}', '2014-03-05 03:24:58', '2014-03-05 03:24:58', '18c0fd54-18e8-42e5-b158-a329d1d5bd97');



--
-- Schema for table `craft_fieldgroups`
--

DROP TABLE IF EXISTS `craft_fieldgroups`;

CREATE TABLE `craft_fieldgroups` (
  `id` int(11) NOT NULL AUTO_INCREMENT,
  `name` varchar(255) COLLATE utf8_unicode_ci NOT NULL,
  `dateCreated` datetime NOT NULL,
  `dateUpdated` datetime NOT NULL,
  `uid` char(36) COLLATE utf8_unicode_ci NOT NULL DEFAULT '0',
  PRIMARY KEY (`id`),
  UNIQUE KEY `craft_fieldgroups_name_unq_idx` (`name`)
) ENGINE=InnoDB AUTO_INCREMENT=3 DEFAULT CHARSET=utf8 COLLATE=utf8_unicode_ci;

--
-- Data for table `craft_fieldgroups`
--

INSERT INTO `craft_fieldgroups` (`id`, `name`, `dateCreated`, `dateUpdated`, `uid`) VALUES ('1', 'Default', '2014-02-03 19:42:43', '2014-02-03 19:42:43', 'b8300e43-ae84-42c3-89c2-ea5e59f9dfa6');
INSERT INTO `craft_fieldgroups` (`id`, `name`, `dateCreated`, `dateUpdated`, `uid`) VALUES ('2', 'gallery', '2014-02-03 19:51:39', '2014-02-03 19:51:39', '8e899477-dbd4-41f3-afc6-e5fd66221d14');



--
-- Schema for table `craft_fieldlayoutfields`
--

DROP TABLE IF EXISTS `craft_fieldlayoutfields`;

CREATE TABLE `craft_fieldlayoutfields` (
  `id` int(11) NOT NULL AUTO_INCREMENT,
  `layoutId` int(11) NOT NULL,
  `tabId` int(11) DEFAULT NULL,
  `fieldId` int(11) NOT NULL,
  `required` tinyint(1) unsigned NOT NULL DEFAULT '0',
  `sortOrder` tinyint(4) DEFAULT NULL,
  `dateCreated` datetime NOT NULL,
  `dateUpdated` datetime NOT NULL,
  `uid` char(36) COLLATE utf8_unicode_ci NOT NULL DEFAULT '0',
  PRIMARY KEY (`id`),
  UNIQUE KEY `craft_fieldlayoutfields_layoutId_fieldId_unq_idx` (`layoutId`,`fieldId`),
  KEY `craft_fieldlayoutfields_sortOrder_idx` (`sortOrder`),
  KEY `craft_fieldlayoutfields_tabId_fk` (`tabId`),
  KEY `craft_fieldlayoutfields_fieldId_fk` (`fieldId`)
) ENGINE=InnoDB AUTO_INCREMENT=59 DEFAULT CHARSET=utf8 COLLATE=utf8_unicode_ci;

--
-- Data for table `craft_fieldlayoutfields`
--

INSERT INTO `craft_fieldlayoutfields` (`id`, `layoutId`, `tabId`, `fieldId`, `required`, `sortOrder`, `dateCreated`, `dateUpdated`, `uid`) VALUES ('1', '3', '1', '1', '0', '1', '2014-02-03 19:42:43', '2014-02-03 19:42:43', '2ea45a5c-4a40-4b1e-a221-010b7390ad1b');
INSERT INTO `craft_fieldlayoutfields` (`id`, `layoutId`, `tabId`, `fieldId`, `required`, `sortOrder`, `dateCreated`, `dateUpdated`, `uid`) VALUES ('2', '3', '1', '2', '0', '2', '2014-02-03 19:42:43', '2014-02-03 19:42:43', 'f3f6c7e1-93f6-471e-92aa-a8d0bd1b3b48');
INSERT INTO `craft_fieldlayoutfields` (`id`, `layoutId`, `tabId`, `fieldId`, `required`, `sortOrder`, `dateCreated`, `dateUpdated`, `uid`) VALUES ('3', '5', '2', '2', '1', '1', '2014-02-03 19:42:43', '2014-02-03 19:42:43', '65cea154-a0d7-4145-bfe4-12edc2cd55ec');
INSERT INTO `craft_fieldlayoutfields` (`id`, `layoutId`, `tabId`, `fieldId`, `required`, `sortOrder`, `dateCreated`, `dateUpdated`, `uid`) VALUES ('4', '5', '2', '3', '0', '2', '2014-02-03 19:42:43', '2014-02-03 19:42:43', 'b543fc94-faa9-4e9a-8f61-6de368032738');
INSERT INTO `craft_fieldlayoutfields` (`id`, `layoutId`, `tabId`, `fieldId`, `required`, `sortOrder`, `dateCreated`, `dateUpdated`, `uid`) VALUES ('29', '17', NULL, '16', '0', '1', '2014-02-13 20:56:39', '2014-02-13 20:56:39', '6304481b-c5f9-4ff3-b271-a8576d9a86bd');
INSERT INTO `craft_fieldlayoutfields` (`id`, `layoutId`, `tabId`, `fieldId`, `required`, `sortOrder`, `dateCreated`, `dateUpdated`, `uid`) VALUES ('30', '17', NULL, '17', '0', '2', '2014-02-13 20:56:39', '2014-02-13 20:56:39', '771d2afe-143f-48d0-a22c-2096acfe3b80');
INSERT INTO `craft_fieldlayoutfields` (`id`, `layoutId`, `tabId`, `fieldId`, `required`, `sortOrder`, `dateCreated`, `dateUpdated`, `uid`) VALUES ('31', '18', NULL, '11', '1', '1', '2014-02-13 20:57:09', '2014-02-13 20:57:09', '9bcb0c8f-e7e9-4d6c-9abc-ee88020799ed');
INSERT INTO `craft_fieldlayoutfields` (`id`, `layoutId`, `tabId`, `fieldId`, `required`, `sortOrder`, `dateCreated`, `dateUpdated`, `uid`) VALUES ('32', '18', NULL, '12', '0', '2', '2014-02-13 20:57:09', '2014-02-13 20:57:09', '09809759-a78c-468d-a308-7548843c634e');
INSERT INTO `craft_fieldlayoutfields` (`id`, `layoutId`, `tabId`, `fieldId`, `required`, `sortOrder`, `dateCreated`, `dateUpdated`, `uid`) VALUES ('33', '19', '6', '4', '0', '1', '2014-02-13 20:58:35', '2014-02-13 20:58:35', '93f1d463-1a32-420b-99de-867604d7caa9');
INSERT INTO `craft_fieldlayoutfields` (`id`, `layoutId`, `tabId`, `fieldId`, `required`, `sortOrder`, `dateCreated`, `dateUpdated`, `uid`) VALUES ('34', '19', '6', '5', '0', '2', '2014-02-13 20:58:35', '2014-02-13 20:58:35', '4432dad8-e8a2-4427-8361-6f76e39a8a51');
INSERT INTO `craft_fieldlayoutfields` (`id`, `layoutId`, `tabId`, `fieldId`, `required`, `sortOrder`, `dateCreated`, `dateUpdated`, `uid`) VALUES ('35', '19', '6', '6', '0', '3', '2014-02-13 20:58:35', '2014-02-13 20:58:35', '96c8d9c0-6f29-4453-a8f2-a996eb376d8d');
INSERT INTO `craft_fieldlayoutfields` (`id`, `layoutId`, `tabId`, `fieldId`, `required`, `sortOrder`, `dateCreated`, `dateUpdated`, `uid`) VALUES ('36', '19', '6', '7', '0', '4', '2014-02-13 20:58:35', '2014-02-13 20:58:35', 'be1a3ee5-bea1-4062-9468-2d810b1773d0');
INSERT INTO `craft_fieldlayoutfields` (`id`, `layoutId`, `tabId`, `fieldId`, `required`, `sortOrder`, `dateCreated`, `dateUpdated`, `uid`) VALUES ('37', '19', '7', '8', '0', '1', '2014-02-13 20:58:35', '2014-02-13 20:58:35', '122130ee-a40a-442d-8373-bd646d31d95b');
INSERT INTO `craft_fieldlayoutfields` (`id`, `layoutId`, `tabId`, `fieldId`, `required`, `sortOrder`, `dateCreated`, `dateUpdated`, `uid`) VALUES ('38', '19', '7', '15', '0', '2', '2014-02-13 20:58:35', '2014-02-13 20:58:35', '8b9dfb35-c86b-4305-a232-ec6c2bc2dadd');
INSERT INTO `craft_fieldlayoutfields` (`id`, `layoutId`, `tabId`, `fieldId`, `required`, `sortOrder`, `dateCreated`, `dateUpdated`, `uid`) VALUES ('45', '22', '9', '7', '0', '1', '2014-03-04 16:10:58', '2014-03-04 16:10:58', '8a0873c4-7990-4423-9942-ccd9f79fea48');
INSERT INTO `craft_fieldlayoutfields` (`id`, `layoutId`, `tabId`, `fieldId`, `required`, `sortOrder`, `dateCreated`, `dateUpdated`, `uid`) VALUES ('46', '22', '9', '6', '0', '2', '2014-03-04 16:10:58', '2014-03-04 16:10:58', '98c33b59-fa3c-4a76-8d0c-1b1cdd2f8b3d');
INSERT INTO `craft_fieldlayoutfields` (`id`, `layoutId`, `tabId`, `fieldId`, `required`, `sortOrder`, `dateCreated`, `dateUpdated`, `uid`) VALUES ('47', '22', '9', '8', '0', '3', '2014-03-04 16:10:58', '2014-03-04 16:10:58', '8dba8013-43ff-470e-bd7b-d6d8a00c58f6');
INSERT INTO `craft_fieldlayoutfields` (`id`, `layoutId`, `tabId`, `fieldId`, `required`, `sortOrder`, `dateCreated`, `dateUpdated`, `uid`) VALUES ('48', '22', '9', '15', '0', '4', '2014-03-04 16:10:58', '2014-03-04 16:10:58', 'a9779b70-52e8-4547-966d-8ce5099135a8');
INSERT INTO `craft_fieldlayoutfields` (`id`, `layoutId`, `tabId`, `fieldId`, `required`, `sortOrder`, `dateCreated`, `dateUpdated`, `uid`) VALUES ('49', '22', '9', '5', '0', '5', '2014-03-04 16:10:58', '2014-03-04 16:10:58', '49e48787-d154-4482-b7bc-c4fdadf150e4');
INSERT INTO `craft_fieldlayoutfields` (`id`, `layoutId`, `tabId`, `fieldId`, `required`, `sortOrder`, `dateCreated`, `dateUpdated`, `uid`) VALUES ('50', '22', '9', '4', '0', '6', '2014-03-04 16:10:58', '2014-03-04 16:10:58', '133db90f-2f09-470d-a3ca-9ab0104fc16b');
INSERT INTO `craft_fieldlayoutfields` (`id`, `layoutId`, `tabId`, `fieldId`, `required`, `sortOrder`, `dateCreated`, `dateUpdated`, `uid`) VALUES ('52', '25', '10', '4', '0', '1', '2014-03-05 02:48:50', '2014-03-05 02:48:50', '19b83556-8b54-4925-8353-c9e829b9d137');
INSERT INTO `craft_fieldlayoutfields` (`id`, `layoutId`, `tabId`, `fieldId`, `required`, `sortOrder`, `dateCreated`, `dateUpdated`, `uid`) VALUES ('53', '25', '10', '5', '0', '2', '2014-03-05 02:48:50', '2014-03-05 02:48:50', 'da16640c-3e7a-4eac-af0b-0e5aa7dff07a');
INSERT INTO `craft_fieldlayoutfields` (`id`, `layoutId`, `tabId`, `fieldId`, `required`, `sortOrder`, `dateCreated`, `dateUpdated`, `uid`) VALUES ('54', '25', '10', '6', '0', '3', '2014-03-05 02:48:50', '2014-03-05 02:48:50', '8552eafe-153e-452d-834d-8883203677a5');
INSERT INTO `craft_fieldlayoutfields` (`id`, `layoutId`, `tabId`, `fieldId`, `required`, `sortOrder`, `dateCreated`, `dateUpdated`, `uid`) VALUES ('55', '25', '10', '7', '0', '4', '2014-03-05 02:48:50', '2014-03-05 02:48:50', 'ccb4915e-bf32-4b76-ab84-1597c890af8e');
INSERT INTO `craft_fieldlayoutfields` (`id`, `layoutId`, `tabId`, `fieldId`, `required`, `sortOrder`, `dateCreated`, `dateUpdated`, `uid`) VALUES ('56', '25', '11', '8', '0', '1', '2014-03-05 02:48:50', '2014-03-05 02:48:50', 'f51fb21a-22e5-453c-8f0b-ef0d7af61523');
INSERT INTO `craft_fieldlayoutfields` (`id`, `layoutId`, `tabId`, `fieldId`, `required`, `sortOrder`, `dateCreated`, `dateUpdated`, `uid`) VALUES ('57', '25', '11', '15', '0', '2', '2014-03-05 02:48:50', '2014-03-05 02:48:50', '6b346b7a-c450-463a-9d5f-0e33270e34cf');
INSERT INTO `craft_fieldlayoutfields` (`id`, `layoutId`, `tabId`, `fieldId`, `required`, `sortOrder`, `dateCreated`, `dateUpdated`, `uid`) VALUES ('58', '26', '12', '1', '0', '1', '2014-03-05 03:24:39', '2014-03-05 03:24:39', 'b4299fa8-7d7b-4cfc-b960-7d1a941a490d');



--
-- Schema for table `craft_fieldlayouts`
--

DROP TABLE IF EXISTS `craft_fieldlayouts`;

CREATE TABLE `craft_fieldlayouts` (
  `id` int(11) NOT NULL AUTO_INCREMENT,
  `type` char(150) COLLATE utf8_unicode_ci NOT NULL,
  `dateCreated` datetime NOT NULL,
  `dateUpdated` datetime NOT NULL,
  `uid` char(36) COLLATE utf8_unicode_ci NOT NULL DEFAULT '0',
  PRIMARY KEY (`id`),
  KEY `craft_fieldlayouts_type_idx` (`type`)
) ENGINE=InnoDB AUTO_INCREMENT=27 DEFAULT CHARSET=utf8 COLLATE=utf8_unicode_ci;

--
-- Data for table `craft_fieldlayouts`
--

INSERT INTO `craft_fieldlayouts` (`id`, `type`, `dateCreated`, `dateUpdated`, `uid`) VALUES ('1', 'Tag', '2014-02-03 19:42:43', '2014-02-03 19:42:43', 'be0e52db-9240-4d7b-aeb6-54bc13f639c4');
INSERT INTO `craft_fieldlayouts` (`id`, `type`, `dateCreated`, `dateUpdated`, `uid`) VALUES ('3', 'Entry', '2014-02-03 19:42:43', '2014-02-03 19:42:43', '4049103d-c82f-4c3b-b2a1-f3d6276daf04');
INSERT INTO `craft_fieldlayouts` (`id`, `type`, `dateCreated`, `dateUpdated`, `uid`) VALUES ('5', 'Entry', '2014-02-03 19:42:43', '2014-02-03 19:42:43', '1c18c399-f4a2-429c-a800-041adedae9df');
INSERT INTO `craft_fieldlayouts` (`id`, `type`, `dateCreated`, `dateUpdated`, `uid`) VALUES ('17', 'MatrixBlock', '2014-02-13 20:56:39', '2014-02-13 20:56:39', '40548213-f4c4-4466-b44b-19800665e53b');
INSERT INTO `craft_fieldlayouts` (`id`, `type`, `dateCreated`, `dateUpdated`, `uid`) VALUES ('18', 'MatrixBlock', '2014-02-13 20:57:09', '2014-02-13 20:57:09', 'ef4ac27d-ebdc-4801-b854-5d6890cf642d');
INSERT INTO `craft_fieldlayouts` (`id`, `type`, `dateCreated`, `dateUpdated`, `uid`) VALUES ('19', 'Entry', '2014-02-13 20:58:35', '2014-02-13 20:58:35', '19b7688b-b453-4ea5-be2e-e24bc71c9570');
INSERT INTO `craft_fieldlayouts` (`id`, `type`, `dateCreated`, `dateUpdated`, `uid`) VALUES ('22', 'Entry', '2014-03-04 16:10:58', '2014-03-04 16:10:58', '1e6ca3c6-0e46-4e53-bef6-aaed4f7af1aa');
INSERT INTO `craft_fieldlayouts` (`id`, `type`, `dateCreated`, `dateUpdated`, `uid`) VALUES ('25', 'Entry', '2014-03-05 02:48:50', '2014-03-05 02:48:50', 'e5bb57dc-00d0-4ba6-a9d6-276452150531');
INSERT INTO `craft_fieldlayouts` (`id`, `type`, `dateCreated`, `dateUpdated`, `uid`) VALUES ('26', 'Entry', '2014-03-05 03:24:39', '2014-03-05 03:24:39', '15bd2a3c-14ed-42b7-b871-e93572b1525a');



--
-- Schema for table `craft_fieldlayouttabs`
--

DROP TABLE IF EXISTS `craft_fieldlayouttabs`;

CREATE TABLE `craft_fieldlayouttabs` (
  `id` int(11) NOT NULL AUTO_INCREMENT,
  `layoutId` int(11) NOT NULL,
  `name` varchar(255) COLLATE utf8_unicode_ci NOT NULL,
  `sortOrder` tinyint(4) DEFAULT NULL,
  `dateCreated` datetime NOT NULL,
  `dateUpdated` datetime NOT NULL,
  `uid` char(36) COLLATE utf8_unicode_ci NOT NULL DEFAULT '0',
  PRIMARY KEY (`id`),
  KEY `craft_fieldlayouttabs_sortOrder_idx` (`sortOrder`),
  KEY `craft_fieldlayouttabs_layoutId_fk` (`layoutId`)
) ENGINE=InnoDB AUTO_INCREMENT=13 DEFAULT CHARSET=utf8 COLLATE=utf8_unicode_ci;

--
-- Data for table `craft_fieldlayouttabs`
--

INSERT INTO `craft_fieldlayouttabs` (`id`, `layoutId`, `name`, `sortOrder`, `dateCreated`, `dateUpdated`, `uid`) VALUES ('1', '3', 'Content', '1', '2014-02-03 19:42:43', '2014-02-03 19:42:43', '2e62e4d4-8536-492d-99cb-c37c1d5a2a77');
INSERT INTO `craft_fieldlayouttabs` (`id`, `layoutId`, `name`, `sortOrder`, `dateCreated`, `dateUpdated`, `uid`) VALUES ('2', '5', 'Content', '1', '2014-02-03 19:42:43', '2014-02-03 19:42:43', '760058b2-cea6-42e6-a5d6-4ef4c3a00330');
INSERT INTO `craft_fieldlayouttabs` (`id`, `layoutId`, `name`, `sortOrder`, `dateCreated`, `dateUpdated`, `uid`) VALUES ('6', '19', 'gallery', '1', '2014-02-13 20:58:35', '2014-02-13 20:58:35', 'e647567a-da2e-41a6-983d-fb96ad3a93c5');
INSERT INTO `craft_fieldlayouttabs` (`id`, `layoutId`, `name`, `sortOrder`, `dateCreated`, `dateUpdated`, `uid`) VALUES ('7', '19', 'Images', '2', '2014-02-13 20:58:35', '2014-02-13 20:58:35', '59b90a4e-e912-4935-b97c-4c45f3623095');
INSERT INTO `craft_fieldlayouttabs` (`id`, `layoutId`, `name`, `sortOrder`, `dateCreated`, `dateUpdated`, `uid`) VALUES ('9', '22', 'gallery', '1', '2014-03-04 16:10:58', '2014-03-04 16:10:58', 'ed2f0661-9e87-40d1-9153-fd4cf3e70c96');
INSERT INTO `craft_fieldlayouttabs` (`id`, `layoutId`, `name`, `sortOrder`, `dateCreated`, `dateUpdated`, `uid`) VALUES ('10', '25', 'gallery', '1', '2014-03-05 02:48:50', '2014-03-05 02:48:50', '5143400f-4565-44d2-9dc9-3d11e8d331d3');
INSERT INTO `craft_fieldlayouttabs` (`id`, `layoutId`, `name`, `sortOrder`, `dateCreated`, `dateUpdated`, `uid`) VALUES ('11', '25', 'Images', '2', '2014-03-05 02:48:50', '2014-03-05 02:48:50', '2db65e71-0440-4759-a41c-6074ccd26b86');
INSERT INTO `craft_fieldlayouttabs` (`id`, `layoutId`, `name`, `sortOrder`, `dateCreated`, `dateUpdated`, `uid`) VALUES ('12', '26', 'Default', '1', '2014-03-05 03:24:39', '2014-03-05 03:24:39', 'a46d183d-afa2-42fd-b157-187427b394cd');



--
-- Schema for table `craft_fields`
--

DROP TABLE IF EXISTS `craft_fields`;

CREATE TABLE `craft_fields` (
  `id` int(11) NOT NULL AUTO_INCREMENT,
  `groupId` int(11) DEFAULT NULL,
  `name` varchar(255) COLLATE utf8_unicode_ci NOT NULL,
  `handle` varchar(58) COLLATE utf8_unicode_ci NOT NULL,
  `context` varchar(255) COLLATE utf8_unicode_ci NOT NULL DEFAULT 'global',
  `instructions` text COLLATE utf8_unicode_ci,
  `translatable` tinyint(1) unsigned NOT NULL DEFAULT '0',
  `type` char(150) COLLATE utf8_unicode_ci NOT NULL,
  `settings` text COLLATE utf8_unicode_ci,
  `dateCreated` datetime NOT NULL,
  `dateUpdated` datetime NOT NULL,
  `uid` char(36) COLLATE utf8_unicode_ci NOT NULL DEFAULT '0',
  PRIMARY KEY (`id`),
  UNIQUE KEY `craft_fields_handle_context_unq_idx` (`handle`,`context`),
  KEY `craft_fields_groupId_fk` (`groupId`)
) ENGINE=InnoDB AUTO_INCREMENT=18 DEFAULT CHARSET=utf8 COLLATE=utf8_unicode_ci;

--
-- Data for table `craft_fields`
--

INSERT INTO `craft_fields` (`id`, `groupId`, `name`, `handle`, `context`, `instructions`, `translatable`, `type`, `settings`, `dateCreated`, `dateUpdated`, `uid`) VALUES ('1', '1', 'Heading', 'heading', 'global', NULL, '1', 'PlainText', NULL, '2014-02-03 19:42:43', '2014-02-03 19:42:43', '58175027-630f-4475-8b5c-0e831abf7b73');
INSERT INTO `craft_fields` (`id`, `groupId`, `name`, `handle`, `context`, `instructions`, `translatable`, `type`, `settings`, `dateCreated`, `dateUpdated`, `uid`) VALUES ('2', '1', 'Body', 'body', 'global', NULL, '1', 'RichText', '{\"configFile\":\"Standard.json\"}', '2014-02-03 19:42:43', '2014-02-03 19:42:43', 'b70ce4e8-701e-426d-91a2-2483c1f7cc14');
INSERT INTO `craft_fields` (`id`, `groupId`, `name`, `handle`, `context`, `instructions`, `translatable`, `type`, `settings`, `dateCreated`, `dateUpdated`, `uid`) VALUES ('3', '1', 'Tags', 'tags', 'global', NULL, '0', 'Tags', '{\"source\":\"tagset:1\"}', '2014-02-03 19:42:43', '2014-02-03 19:42:43', '251920bc-84e0-43b5-9df7-48abf54c4eb5');
INSERT INTO `craft_fields` (`id`, `groupId`, `name`, `handle`, `context`, `instructions`, `translatable`, `type`, `settings`, `dateCreated`, `dateUpdated`, `uid`) VALUES ('4', '2', 'Series', 'series', 'global', 'Enter the name of the series this project belongs to', '0', 'PlainText', '{\"placeholder\":\"\",\"maxLength\":\"\",\"multiline\":\"1\",\"initialRows\":\"4\"}', '2014-02-13 17:41:21', '2014-02-13 17:41:21', '716595a3-59cb-4e2f-b3ae-036bbeb178ad');
INSERT INTO `craft_fields` (`id`, `groupId`, `name`, `handle`, `context`, `instructions`, `translatable`, `type`, `settings`, `dateCreated`, `dateUpdated`, `uid`) VALUES ('5', '2', 'Materials', 'materials', 'global', 'List the materials used', '0', 'PlainText', '{\"placeholder\":\"\",\"maxLength\":\"\",\"multiline\":\"1\",\"initialRows\":\"4\"}', '2014-02-13 17:42:00', '2014-02-13 17:42:00', '3a314e8d-e867-4608-a7de-04837b3b08cf');
INSERT INTO `craft_fields` (`id`, `groupId`, `name`, `handle`, `context`, `instructions`, `translatable`, `type`, `settings`, `dateCreated`, `dateUpdated`, `uid`) VALUES ('6', '2', 'dimensions', 'dimensions', 'global', 'Enter the size of the peice', '0', 'PlainText', '{\"placeholder\":\"\",\"maxLength\":\"\",\"multiline\":\"\",\"initialRows\":\"4\"}', '2014-02-13 17:42:54', '2014-02-13 17:42:54', 'cad6ced4-7925-4a71-9fb6-e48aba9339a5');
INSERT INTO `craft_fields` (`id`, `groupId`, `name`, `handle`, `context`, `instructions`, `translatable`, `type`, `settings`, `dateCreated`, `dateUpdated`, `uid`) VALUES ('7', '2', 'description', 'description', 'global', 'Enter a brief description of the selected work', '0', 'RichText', '{\"configFile\":\"Simple.json\",\"cleanupHtml\":\"1\"}', '2014-02-13 17:45:37', '2014-02-13 17:45:37', '04e4be6f-0b08-4e1e-8c96-45acb4a84c6b');
INSERT INTO `craft_fields` (`id`, `groupId`, `name`, `handle`, `context`, `instructions`, `translatable`, `type`, `settings`, `dateCreated`, `dateUpdated`, `uid`) VALUES ('8', '2', 'Gallery Images Left', 'galleryImagesLeft', 'global', 'Add the first image in the gallery', '0', 'Matrix', '[]', '2014-02-13 17:49:12', '2014-02-13 20:57:09', 'd193afd1-84cc-4edb-ad7a-30de1dc32cc7');
INSERT INTO `craft_fields` (`id`, `groupId`, `name`, `handle`, `context`, `instructions`, `translatable`, `type`, `settings`, `dateCreated`, `dateUpdated`, `uid`) VALUES ('11', NULL, 'Image', 'image', 'matrixBlockType:3', NULL, '0', 'Assets', '{\"sources\":\"*\",\"limit\":\"2\"}', '2014-02-13 18:00:07', '2014-02-13 20:57:09', 'c8bbada3-4453-41c7-84c5-4fdc70a6deca');
INSERT INTO `craft_fields` (`id`, `groupId`, `name`, `handle`, `context`, `instructions`, `translatable`, `type`, `settings`, `dateCreated`, `dateUpdated`, `uid`) VALUES ('12', NULL, 'Caption', 'caption', 'matrixBlockType:3', NULL, '0', 'PlainText', '{\"placeholder\":\"\",\"maxLength\":\"\",\"multiline\":\"\",\"initialRows\":\"4\"}', '2014-02-13 18:00:07', '2014-02-13 20:57:09', '5faaaa8d-0836-411d-bb70-1b586dc9f174');
INSERT INTO `craft_fields` (`id`, `groupId`, `name`, `handle`, `context`, `instructions`, `translatable`, `type`, `settings`, `dateCreated`, `dateUpdated`, `uid`) VALUES ('15', '2', 'Gallery Images Right', 'galleryImagesRight', 'global', 'Add the image for the right col', '0', 'Matrix', '[]', '2014-02-13 20:56:39', '2014-02-13 20:56:39', '4698e4b6-4249-4e9b-b62b-c56a03b64bfb');
INSERT INTO `craft_fields` (`id`, `groupId`, `name`, `handle`, `context`, `instructions`, `translatable`, `type`, `settings`, `dateCreated`, `dateUpdated`, `uid`) VALUES ('16', NULL, 'Image', 'image', 'matrixBlockType:5', NULL, '0', 'Assets', '{\"sources\":\"*\",\"limit\":\"2\"}', '2014-02-13 20:56:39', '2014-02-13 20:56:39', '6ba488af-e02e-4f6e-b5f5-0e5ef2322f7b');
INSERT INTO `craft_fields` (`id`, `groupId`, `name`, `handle`, `context`, `instructions`, `translatable`, `type`, `settings`, `dateCreated`, `dateUpdated`, `uid`) VALUES ('17', NULL, 'Caption', 'caption', 'matrixBlockType:5', NULL, '0', 'PlainText', '{\"placeholder\":\"\",\"maxLength\":\"\",\"multiline\":\"\",\"initialRows\":\"4\"}', '2014-02-13 20:56:39', '2014-02-13 20:56:39', 'feff7621-acb2-4333-8148-f4d8b733d1e8');



--
-- Schema for table `craft_globalsets`
--

DROP TABLE IF EXISTS `craft_globalsets`;

CREATE TABLE `craft_globalsets` (
  `id` int(11) NOT NULL,
  `name` varchar(255) COLLATE utf8_unicode_ci NOT NULL,
  `handle` varchar(255) COLLATE utf8_unicode_ci NOT NULL,
  `fieldLayoutId` int(10) DEFAULT NULL,
  `dateCreated` datetime NOT NULL,
  `dateUpdated` datetime NOT NULL,
  `uid` char(36) COLLATE utf8_unicode_ci NOT NULL DEFAULT '0',
  PRIMARY KEY (`id`),
  UNIQUE KEY `craft_globalsets_name_unq_idx` (`name`),
  UNIQUE KEY `craft_globalsets_handle_unq_idx` (`handle`),
  KEY `craft_globalsets_fieldLayoutId_fk` (`fieldLayoutId`)
) ENGINE=InnoDB DEFAULT CHARSET=utf8 COLLATE=utf8_unicode_ci;

--
-- Schema for table `craft_info`
--

DROP TABLE IF EXISTS `craft_info`;

CREATE TABLE `craft_info` (
  `id` int(11) NOT NULL AUTO_INCREMENT,
  `version` varchar(15) COLLATE utf8_unicode_ci NOT NULL,
  `build` int(11) unsigned NOT NULL,
  `schemaVersion` varchar(15) COLLATE utf8_unicode_ci NOT NULL,
  `packages` varchar(200) COLLATE utf8_unicode_ci DEFAULT NULL,
  `releaseDate` datetime NOT NULL,
  `siteName` varchar(100) COLLATE utf8_unicode_ci NOT NULL,
  `siteUrl` varchar(255) COLLATE utf8_unicode_ci NOT NULL,
  `timezone` varchar(30) COLLATE utf8_unicode_ci DEFAULT NULL,
  `on` tinyint(1) unsigned NOT NULL DEFAULT '0',
  `maintenance` tinyint(1) unsigned NOT NULL DEFAULT '0',
  `track` varchar(40) COLLATE utf8_unicode_ci NOT NULL,
  `dateCreated` datetime NOT NULL,
  `dateUpdated` datetime NOT NULL,
  `uid` char(36) COLLATE utf8_unicode_ci NOT NULL DEFAULT '0',
  PRIMARY KEY (`id`)
) ENGINE=InnoDB AUTO_INCREMENT=2 DEFAULT CHARSET=utf8 COLLATE=utf8_unicode_ci;

--
-- Data for table `craft_info`
--

INSERT INTO `craft_info` (`id`, `version`, `build`, `schemaVersion`, `packages`, `releaseDate`, `siteName`, `siteUrl`, `timezone`, `on`, `maintenance`, `track`, `dateCreated`, `dateUpdated`, `uid`) VALUES ('1', '1.3', '2496', '1.3.17', 'PublishPro', '2014-02-27 22:37:08', 'Judith Olson Gregory', 'http://localhost:8888/', 'America/New_York', '1', '1', 'stable', '2014-02-03 19:42:39', '2014-03-19 00:57:21', 'c669e98e-39e3-4b5a-b9e2-157403d963a8');



--
-- Schema for table `craft_locales`
--

DROP TABLE IF EXISTS `craft_locales`;

CREATE TABLE `craft_locales` (
  `locale` char(12) COLLATE utf8_unicode_ci NOT NULL,
  `sortOrder` tinyint(4) DEFAULT NULL,
  `dateCreated` datetime NOT NULL,
  `dateUpdated` datetime NOT NULL,
  `uid` char(36) COLLATE utf8_unicode_ci NOT NULL DEFAULT '0',
  PRIMARY KEY (`locale`)
) ENGINE=InnoDB DEFAULT CHARSET=utf8 COLLATE=utf8_unicode_ci;

--
-- Data for table `craft_locales`
--

INSERT INTO `craft_locales` (`locale`, `sortOrder`, `dateCreated`, `dateUpdated`, `uid`) VALUES ('en_us', '1', '2014-02-03 19:42:39', '2014-02-03 19:42:39', '76096775-5ff4-4d4b-a7ff-3ebe0e5be57c');



--
-- Schema for table `craft_matrixblocks`
--

DROP TABLE IF EXISTS `craft_matrixblocks`;

CREATE TABLE `craft_matrixblocks` (
  `id` int(11) NOT NULL,
  `ownerId` int(11) NOT NULL,
  `fieldId` int(11) NOT NULL,
  `typeId` int(11) DEFAULT NULL,
  `sortOrder` tinyint(4) DEFAULT NULL,
  `dateCreated` datetime NOT NULL,
  `dateUpdated` datetime NOT NULL,
  `uid` char(36) COLLATE utf8_unicode_ci NOT NULL DEFAULT '0',
  PRIMARY KEY (`id`),
  KEY `craft_matrixblocks_ownerId_idx` (`ownerId`),
  KEY `craft_matrixblocks_fieldId_idx` (`fieldId`),
  KEY `craft_matrixblocks_typeId_idx` (`typeId`),
  KEY `craft_matrixblocks_sortOrder_idx` (`sortOrder`)
) ENGINE=InnoDB DEFAULT CHARSET=utf8 COLLATE=utf8_unicode_ci;

--
-- Data for table `craft_matrixblocks`
--

INSERT INTO `craft_matrixblocks` (`id`, `ownerId`, `fieldId`, `typeId`, `sortOrder`, `dateCreated`, `dateUpdated`, `uid`) VALUES ('26', '25', '8', '3', '1', '2014-03-05 02:56:50', '2014-03-05 02:58:46', '9bf710b4-8e05-4c53-b5e1-ea8f25e1f3cd');
INSERT INTO `craft_matrixblocks` (`id`, `ownerId`, `fieldId`, `typeId`, `sortOrder`, `dateCreated`, `dateUpdated`, `uid`) VALUES ('27', '25', '15', '5', '1', '2014-03-05 02:56:50', '2014-03-05 02:58:46', '09ab28ed-1023-444b-99a7-6ede7a03da2b');



--
-- Schema for table `craft_matrixblocktypes`
--

DROP TABLE IF EXISTS `craft_matrixblocktypes`;

CREATE TABLE `craft_matrixblocktypes` (
  `id` int(11) NOT NULL AUTO_INCREMENT,
  `fieldId` int(11) NOT NULL,
  `fieldLayoutId` int(11) DEFAULT NULL,
  `name` varchar(255) COLLATE utf8_unicode_ci NOT NULL,
  `handle` varchar(255) COLLATE utf8_unicode_ci NOT NULL,
  `sortOrder` tinyint(4) DEFAULT NULL,
  `dateCreated` datetime NOT NULL,
  `dateUpdated` datetime NOT NULL,
  `uid` char(36) COLLATE utf8_unicode_ci NOT NULL DEFAULT '0',
  PRIMARY KEY (`id`),
  UNIQUE KEY `craft_matrixblocktypes_name_fieldId_unq_idx` (`name`,`fieldId`),
  UNIQUE KEY `craft_matrixblocktypes_handle_fieldId_unq_idx` (`handle`,`fieldId`),
  KEY `craft_matrixblocktypes_fieldId_fk` (`fieldId`),
  KEY `craft_matrixblocktypes_fieldLayoutId_fk` (`fieldLayoutId`)
) ENGINE=InnoDB AUTO_INCREMENT=6 DEFAULT CHARSET=utf8 COLLATE=utf8_unicode_ci;

--
-- Data for table `craft_matrixblocktypes`
--

INSERT INTO `craft_matrixblocktypes` (`id`, `fieldId`, `fieldLayoutId`, `name`, `handle`, `sortOrder`, `dateCreated`, `dateUpdated`, `uid`) VALUES ('3', '8', '18', 'Gallery Image Left', 'galleryImageLeft', '1', '2014-02-13 18:00:07', '2014-02-13 20:57:09', '325a4525-a843-4c3a-8683-4b069bd162c6');
INSERT INTO `craft_matrixblocktypes` (`id`, `fieldId`, `fieldLayoutId`, `name`, `handle`, `sortOrder`, `dateCreated`, `dateUpdated`, `uid`) VALUES ('5', '15', '17', 'Gallery Image Right', 'galleryImageRight', '1', '2014-02-13 20:56:39', '2014-02-13 20:56:39', 'c075ea76-e921-4a02-bc9a-bdfe35b0a8cf');



--
-- Schema for table `craft_matrixcontent_galleryimagesleft`
--

DROP TABLE IF EXISTS `craft_matrixcontent_galleryimagesleft`;

CREATE TABLE `craft_matrixcontent_galleryimagesleft` (
  `id` int(11) NOT NULL AUTO_INCREMENT,
  `elementId` int(11) NOT NULL,
  `locale` char(12) COLLATE utf8_unicode_ci NOT NULL,
  `field_galleryImageLeft_caption` text COLLATE utf8_unicode_ci,
  `field_galleryImageRight_caption` text COLLATE utf8_unicode_ci,
  `dateCreated` datetime NOT NULL,
  `dateUpdated` datetime NOT NULL,
  `uid` char(36) COLLATE utf8_unicode_ci NOT NULL DEFAULT '0',
  PRIMARY KEY (`id`),
  UNIQUE KEY `craft_matrixcontent_galleryimagesleft_elementId_locale_unq_idx` (`elementId`,`locale`),
  KEY `craft_matrixcontent_galleryimagesleft_locale_idx` (`locale`)
) ENGINE=InnoDB AUTO_INCREMENT=5 DEFAULT CHARSET=utf8 COLLATE=utf8_unicode_ci;

--
-- Data for table `craft_matrixcontent_galleryimagesleft`
--

INSERT INTO `craft_matrixcontent_galleryimagesleft` (`id`, `elementId`, `locale`, `field_galleryImageLeft_caption`, `field_galleryImageRight_caption`, `dateCreated`, `dateUpdated`, `uid`) VALUES ('1', '7', 'en_us', 'Sample text', NULL, '2014-02-13 18:21:45', '2014-03-05 02:25:29', 'fad8f895-9cc1-48fa-bc4c-60062fd29f6e');
INSERT INTO `craft_matrixcontent_galleryimagesleft` (`id`, `elementId`, `locale`, `field_galleryImageLeft_caption`, `field_galleryImageRight_caption`, `dateCreated`, `dateUpdated`, `uid`) VALUES ('2', '16', 'en_us', 'caption', NULL, '2014-03-05 02:36:51', '2014-03-05 02:36:51', '03cc6cfe-47ff-4a1a-abd9-989c22c469c8');
INSERT INTO `craft_matrixcontent_galleryimagesleft` (`id`, `elementId`, `locale`, `field_galleryImageLeft_caption`, `field_galleryImageRight_caption`, `dateCreated`, `dateUpdated`, `uid`) VALUES ('3', '23', 'en_us', '', NULL, '2014-03-05 02:56:26', '2014-03-05 02:56:26', '9130eb7c-0366-42df-a6a5-0cf600761bfe');
INSERT INTO `craft_matrixcontent_galleryimagesleft` (`id`, `elementId`, `locale`, `field_galleryImageLeft_caption`, `field_galleryImageRight_caption`, `dateCreated`, `dateUpdated`, `uid`) VALUES ('4', '26', 'en_us', '', NULL, '2014-03-05 02:56:50', '2014-03-05 02:58:46', 'c21562af-0c1b-43a6-b1bc-2e589882bb32');



--
-- Schema for table `craft_matrixcontent_galleryimagesright`
--

DROP TABLE IF EXISTS `craft_matrixcontent_galleryimagesright`;

CREATE TABLE `craft_matrixcontent_galleryimagesright` (
  `id` int(11) NOT NULL AUTO_INCREMENT,
  `elementId` int(11) NOT NULL,
  `locale` char(12) COLLATE utf8_unicode_ci NOT NULL,
  `field_galleryImageRight_caption` text COLLATE utf8_unicode_ci,
  `dateCreated` datetime NOT NULL,
  `dateUpdated` datetime NOT NULL,
  `uid` char(36) COLLATE utf8_unicode_ci NOT NULL DEFAULT '0',
  PRIMARY KEY (`id`),
  UNIQUE KEY `craft_matrixcontent_galleryimagesright_elementId_locale_unq_idx` (`elementId`,`locale`),
  KEY `craft_matrixcontent_galleryimagesright_locale_fk` (`locale`)
) ENGINE=InnoDB AUTO_INCREMENT=6 DEFAULT CHARSET=utf8 COLLATE=utf8_unicode_ci;

--
-- Data for table `craft_matrixcontent_galleryimagesright`
--

INSERT INTO `craft_matrixcontent_galleryimagesright` (`id`, `elementId`, `locale`, `field_galleryImageRight_caption`, `dateCreated`, `dateUpdated`, `uid`) VALUES ('1', '9', 'en_us', 'Sample Text', '2014-02-13 20:59:35', '2014-03-05 02:25:30', '16393a7e-1d88-4c67-912d-bb922a081d8e');
INSERT INTO `craft_matrixcontent_galleryimagesright` (`id`, `elementId`, `locale`, `field_galleryImageRight_caption`, `dateCreated`, `dateUpdated`, `uid`) VALUES ('2', '10', 'en_us', 'Hello', '2014-02-20 23:48:53', '2014-03-05 02:25:30', 'c27ee513-8907-4579-a969-08a40e6db412');
INSERT INTO `craft_matrixcontent_galleryimagesright` (`id`, `elementId`, `locale`, `field_galleryImageRight_caption`, `dateCreated`, `dateUpdated`, `uid`) VALUES ('3', '17', 'en_us', '', '2014-03-05 02:36:51', '2014-03-05 02:36:51', '349ad4a4-676a-43b1-86e1-bd483a70dd26');
INSERT INTO `craft_matrixcontent_galleryimagesright` (`id`, `elementId`, `locale`, `field_galleryImageRight_caption`, `dateCreated`, `dateUpdated`, `uid`) VALUES ('4', '24', 'en_us', '', '2014-03-05 02:56:26', '2014-03-05 02:56:26', '14b318f8-8727-4753-96e5-6cae2f39bb7d');
INSERT INTO `craft_matrixcontent_galleryimagesright` (`id`, `elementId`, `locale`, `field_galleryImageRight_caption`, `dateCreated`, `dateUpdated`, `uid`) VALUES ('5', '27', 'en_us', '', '2014-03-05 02:56:50', '2014-03-05 02:58:46', 'a8781ce7-30c1-4ba5-a1c6-c1bc51dbcbc2');



--
-- Schema for table `craft_migrations`
--

DROP TABLE IF EXISTS `craft_migrations`;

CREATE TABLE `craft_migrations` (
  `id` int(11) NOT NULL AUTO_INCREMENT,
  `pluginId` int(11) DEFAULT NULL,
  `version` varchar(255) COLLATE utf8_unicode_ci NOT NULL,
  `applyTime` datetime NOT NULL,
  `dateCreated` datetime NOT NULL,
  `dateUpdated` datetime NOT NULL,
  `uid` char(36) COLLATE utf8_unicode_ci NOT NULL DEFAULT '0',
  PRIMARY KEY (`id`),
  UNIQUE KEY `craft_migrations_version_unq_idx` (`version`),
  KEY `craft_migrations_pluginId_fk` (`pluginId`)
) ENGINE=InnoDB AUTO_INCREMENT=7 DEFAULT CHARSET=utf8 COLLATE=utf8_unicode_ci;

--
-- Data for table `craft_migrations`
--

INSERT INTO `craft_migrations` (`id`, `pluginId`, `version`, `applyTime`, `dateCreated`, `dateUpdated`, `uid`) VALUES ('1', NULL, 'm000000_000000_base', '2014-02-03 19:42:39', '2014-02-03 19:42:39', '2014-02-03 19:42:39', '2fa42534-9e68-4e56-ba7f-880fab299f61');
INSERT INTO `craft_migrations` (`id`, `pluginId`, `version`, `applyTime`, `dateCreated`, `dateUpdated`, `uid`) VALUES ('2', NULL, 'm131212_000001_add_missing_fk_to_emailmessages', '2014-02-03 19:42:39', '2014-02-03 19:42:39', '2014-02-03 19:42:39', '193e6c7d-b61c-4847-9cfe-eccec184e2d2');
INSERT INTO `craft_migrations` (`id`, `pluginId`, `version`, `applyTime`, `dateCreated`, `dateUpdated`, `uid`) VALUES ('3', NULL, 'm140123_000000_update_widget_sort_orders', '2014-02-13 13:25:41', '2014-02-13 13:25:41', '2014-02-13 13:25:41', 'c419832c-43a4-48e4-be2d-a388e762f760');
INSERT INTO `craft_migrations` (`id`, `pluginId`, `version`, `applyTime`, `dateCreated`, `dateUpdated`, `uid`) VALUES ('4', NULL, 'm140126_000000_add_missing_content_rows', '2014-02-13 13:25:41', '2014-02-13 13:25:41', '2014-02-13 13:25:41', 'b78b5dde-1cc3-4147-9dea-29ab1ae80ca9');
INSERT INTO `craft_migrations` (`id`, `pluginId`, `version`, `applyTime`, `dateCreated`, `dateUpdated`, `uid`) VALUES ('5', NULL, 'm140212_000000_clean_up_structures', '2014-02-24 14:21:34', '2014-02-24 14:21:34', '2014-02-24 14:21:34', 'fe2aa4a1-8031-4061-bcff-837323352dbf');
INSERT INTO `craft_migrations` (`id`, `pluginId`, `version`, `applyTime`, `dateCreated`, `dateUpdated`, `uid`) VALUES ('6', NULL, 'm140223_000000_add_missing_element_rows', '2014-03-05 02:25:16', '2014-03-05 02:25:16', '2014-03-05 02:25:16', '9264208c-233b-40af-bb95-a8d952cc0fcc');



--
-- Schema for table `craft_plugins`
--

DROP TABLE IF EXISTS `craft_plugins`;

CREATE TABLE `craft_plugins` (
  `id` int(11) NOT NULL AUTO_INCREMENT,
  `class` char(150) COLLATE utf8_unicode_ci NOT NULL,
  `version` char(15) COLLATE utf8_unicode_ci NOT NULL,
  `enabled` tinyint(1) unsigned NOT NULL DEFAULT '0',
  `settings` text COLLATE utf8_unicode_ci,
  `installDate` datetime NOT NULL,
  `dateCreated` datetime NOT NULL,
  `dateUpdated` datetime NOT NULL,
  `uid` char(36) COLLATE utf8_unicode_ci NOT NULL DEFAULT '0',
  PRIMARY KEY (`id`)
) ENGINE=InnoDB DEFAULT CHARSET=utf8 COLLATE=utf8_unicode_ci;

--
-- Schema for table `craft_rackspaceaccess`
--

DROP TABLE IF EXISTS `craft_rackspaceaccess`;

CREATE TABLE `craft_rackspaceaccess` (
  `id` int(11) NOT NULL AUTO_INCREMENT,
  `connectionKey` varchar(255) COLLATE utf8_unicode_ci NOT NULL,
  `token` varchar(255) COLLATE utf8_unicode_ci NOT NULL,
  `storageUrl` varchar(255) COLLATE utf8_unicode_ci NOT NULL,
  `cdnUrl` varchar(255) COLLATE utf8_unicode_ci NOT NULL,
  `dateCreated` datetime NOT NULL,
  `dateUpdated` datetime NOT NULL,
  `uid` char(36) COLLATE utf8_unicode_ci NOT NULL DEFAULT '0',
  PRIMARY KEY (`id`),
  UNIQUE KEY `craft_rackspaceaccess_connectionKey_unq_idx` (`connectionKey`)
) ENGINE=InnoDB DEFAULT CHARSET=utf8 COLLATE=utf8_unicode_ci;

--
-- Schema for table `craft_relations`
--

DROP TABLE IF EXISTS `craft_relations`;

CREATE TABLE `craft_relations` (
  `id` int(11) NOT NULL AUTO_INCREMENT,
  `fieldId` int(11) NOT NULL,
  `sourceId` int(11) NOT NULL,
  `targetId` int(11) NOT NULL,
  `sortOrder` tinyint(4) DEFAULT NULL,
  `dateCreated` datetime NOT NULL,
  `dateUpdated` datetime NOT NULL,
  `uid` char(36) COLLATE utf8_unicode_ci NOT NULL DEFAULT '0',
  PRIMARY KEY (`id`),
  UNIQUE KEY `craft_relations_fieldId_sourceId_targetId_unq_idx` (`fieldId`,`sourceId`,`targetId`),
  KEY `craft_relations_sourceId_fk` (`sourceId`),
  KEY `craft_relations_targetId_fk` (`targetId`)
) ENGINE=InnoDB AUTO_INCREMENT=23 DEFAULT CHARSET=utf8 COLLATE=utf8_unicode_ci;

--
-- Data for table `craft_relations`
--

INSERT INTO `craft_relations` (`id`, `fieldId`, `sourceId`, `targetId`, `sortOrder`, `dateCreated`, `dateUpdated`, `uid`) VALUES ('10', '11', '7', '5', '1', '2014-03-05 02:25:29', '2014-03-05 02:25:29', '7b541b4c-47ab-45dc-8373-f3a29cf25cf7');
INSERT INTO `craft_relations` (`id`, `fieldId`, `sourceId`, `targetId`, `sortOrder`, `dateCreated`, `dateUpdated`, `uid`) VALUES ('11', '16', '9', '6', '1', '2014-03-05 02:25:30', '2014-03-05 02:25:30', '01ca9839-eea1-44cf-a60c-8a3e504da28a');
INSERT INTO `craft_relations` (`id`, `fieldId`, `sourceId`, `targetId`, `sortOrder`, `dateCreated`, `dateUpdated`, `uid`) VALUES ('12', '16', '10', '5', '1', '2014-03-05 02:25:30', '2014-03-05 02:25:30', '3a5f976c-8910-4205-bcb9-f0155995924b');
INSERT INTO `craft_relations` (`id`, `fieldId`, `sourceId`, `targetId`, `sortOrder`, `dateCreated`, `dateUpdated`, `uid`) VALUES ('13', '11', '16', '5', '1', '2014-03-05 02:36:51', '2014-03-05 02:36:51', 'c8a15266-4ce1-40e8-b725-f4a8761ebcbe');
INSERT INTO `craft_relations` (`id`, `fieldId`, `sourceId`, `targetId`, `sortOrder`, `dateCreated`, `dateUpdated`, `uid`) VALUES ('14', '16', '17', '6', '1', '2014-03-05 02:36:51', '2014-03-05 02:36:51', 'f1e6bf5b-5b58-4d3e-a3d6-9e54956f66fc');
INSERT INTO `craft_relations` (`id`, `fieldId`, `sourceId`, `targetId`, `sortOrder`, `dateCreated`, `dateUpdated`, `uid`) VALUES ('15', '11', '23', '19', '1', '2014-03-05 02:56:26', '2014-03-05 02:56:26', 'bd33b778-e318-451d-b204-dcc64f6a10e9');
INSERT INTO `craft_relations` (`id`, `fieldId`, `sourceId`, `targetId`, `sortOrder`, `dateCreated`, `dateUpdated`, `uid`) VALUES ('16', '11', '23', '20', '2', '2014-03-05 02:56:26', '2014-03-05 02:56:26', '8627f41a-2fa8-4b59-ab28-63e539879c2f');
INSERT INTO `craft_relations` (`id`, `fieldId`, `sourceId`, `targetId`, `sortOrder`, `dateCreated`, `dateUpdated`, `uid`) VALUES ('17', '16', '24', '21', '1', '2014-03-05 02:56:26', '2014-03-05 02:56:26', '7ca6e976-fcad-44be-85cc-19f4610068a2');
INSERT INTO `craft_relations` (`id`, `fieldId`, `sourceId`, `targetId`, `sortOrder`, `dateCreated`, `dateUpdated`, `uid`) VALUES ('21', '11', '26', '19', '1', '2014-03-05 02:58:46', '2014-03-05 02:58:46', '1f93a40b-f98c-4fa4-bc50-c1c9cc864a16');
INSERT INTO `craft_relations` (`id`, `fieldId`, `sourceId`, `targetId`, `sortOrder`, `dateCreated`, `dateUpdated`, `uid`) VALUES ('22', '16', '27', '21', '1', '2014-03-05 02:58:46', '2014-03-05 02:58:46', 'd047b8e1-a7e7-44a8-8b97-72ec83555b6c');



--
-- Schema for table `craft_routes`
--

DROP TABLE IF EXISTS `craft_routes`;

CREATE TABLE `craft_routes` (
  `id` int(11) NOT NULL AUTO_INCREMENT,
  `urlParts` varchar(255) COLLATE utf8_unicode_ci NOT NULL,
  `urlPattern` varchar(255) COLLATE utf8_unicode_ci NOT NULL,
  `template` varchar(255) COLLATE utf8_unicode_ci NOT NULL,
  `sortOrder` tinyint(4) DEFAULT NULL,
  `dateCreated` datetime NOT NULL,
  `dateUpdated` datetime NOT NULL,
  `uid` char(36) COLLATE utf8_unicode_ci NOT NULL DEFAULT '0',
  PRIMARY KEY (`id`),
  UNIQUE KEY `craft_routes_urlPattern_unq_idx` (`urlPattern`)
) ENGINE=InnoDB DEFAULT CHARSET=utf8 COLLATE=utf8_unicode_ci;

--
-- Schema for table `craft_searchindex`
--

DROP TABLE IF EXISTS `craft_searchindex`;

CREATE TABLE `craft_searchindex` (
  `elementId` int(11) NOT NULL,
  `attribute` varchar(25) COLLATE utf8_unicode_ci NOT NULL,
  `fieldId` int(11) NOT NULL,
  `locale` char(12) COLLATE utf8_unicode_ci NOT NULL,
  `keywords` text COLLATE utf8_unicode_ci NOT NULL,
  PRIMARY KEY (`elementId`,`attribute`,`fieldId`,`locale`),
  FULLTEXT KEY `craft_searchindex_keywords_idx` (`keywords`)
) ENGINE=MyISAM DEFAULT CHARSET=utf8 COLLATE=utf8_unicode_ci;

--
-- Data for table `craft_searchindex`
--

INSERT INTO `craft_searchindex` (`elementId`, `attribute`, `fieldId`, `locale`, `keywords`) VALUES ('1', 'username', '0', 'en_us', ' jhamilton ');
INSERT INTO `craft_searchindex` (`elementId`, `attribute`, `fieldId`, `locale`, `keywords`) VALUES ('1', 'firstname', '0', 'en_us', '');
INSERT INTO `craft_searchindex` (`elementId`, `attribute`, `fieldId`, `locale`, `keywords`) VALUES ('1', 'lastname', '0', 'en_us', '');
INSERT INTO `craft_searchindex` (`elementId`, `attribute`, `fieldId`, `locale`, `keywords`) VALUES ('1', 'fullname', '0', 'en_us', '');
INSERT INTO `craft_searchindex` (`elementId`, `attribute`, `fieldId`, `locale`, `keywords`) VALUES ('1', 'email', '0', 'en_us', ' hello madebyhdc com ');
INSERT INTO `craft_searchindex` (`elementId`, `attribute`, `fieldId`, `locale`, `keywords`) VALUES ('2', 'slug', '0', 'en_us', ' homepage ');
INSERT INTO `craft_searchindex` (`elementId`, `attribute`, `fieldId`, `locale`, `keywords`) VALUES ('2', 'title', '0', 'en_us', ' homepage ');
INSERT INTO `craft_searchindex` (`elementId`, `attribute`, `fieldId`, `locale`, `keywords`) VALUES ('2', 'field', '2', 'en_us', ' it s true this site doesn t have a whole lot of content yet but don t worry our web developers have just installed the cms and they re setting things up for the content editors this very moment soon localhost will be an oasis of fresh perspectives sharp analyses and astute opinions that will keep you coming back again and again ');
INSERT INTO `craft_searchindex` (`elementId`, `attribute`, `fieldId`, `locale`, `keywords`) VALUES ('2', 'field', '1', 'en_us', ' welcome to localhost ');
INSERT INTO `craft_searchindex` (`elementId`, `attribute`, `fieldId`, `locale`, `keywords`) VALUES ('2', 'field', '3', 'en_us', '');
INSERT INTO `craft_searchindex` (`elementId`, `attribute`, `fieldId`, `locale`, `keywords`) VALUES ('3', 'slug', '0', 'en_us', ' we just installed craft ');
INSERT INTO `craft_searchindex` (`elementId`, `attribute`, `fieldId`, `locale`, `keywords`) VALUES ('3', 'title', '0', 'en_us', ' we just installed craft ');
INSERT INTO `craft_searchindex` (`elementId`, `attribute`, `fieldId`, `locale`, `keywords`) VALUES ('3', 'field', '2', 'en_us', ' craft is the cms that s powering localhost it s beautiful powerful flexible and easy to use and it s made by pixel tonic we can t wait to dive in and see what it s capable of this is even more captivating content which you couldn t see on the news index page because it was entered after a page break and the news index template only likes to show the content on the first page craft a nice alternative to word if you re making a website ');
INSERT INTO `craft_searchindex` (`elementId`, `attribute`, `fieldId`, `locale`, `keywords`) VALUES ('3', 'field', '1', 'en_us', '');
INSERT INTO `craft_searchindex` (`elementId`, `attribute`, `fieldId`, `locale`, `keywords`) VALUES ('3', 'field', '3', 'en_us', '');
INSERT INTO `craft_searchindex` (`elementId`, `attribute`, `fieldId`, `locale`, `keywords`) VALUES ('4', 'field', '2', 'en_us', '');
INSERT INTO `craft_searchindex` (`elementId`, `attribute`, `fieldId`, `locale`, `keywords`) VALUES ('4', 'field', '1', 'en_us', '');
INSERT INTO `craft_searchindex` (`elementId`, `attribute`, `fieldId`, `locale`, `keywords`) VALUES ('4', 'field', '3', 'en_us', '');
INSERT INTO `craft_searchindex` (`elementId`, `attribute`, `fieldId`, `locale`, `keywords`) VALUES ('4', 'filename', '0', 'en_us', ' mens svg ');
INSERT INTO `craft_searchindex` (`elementId`, `attribute`, `fieldId`, `locale`, `keywords`) VALUES ('4', 'extension', '0', 'en_us', ' svg ');
INSERT INTO `craft_searchindex` (`elementId`, `attribute`, `fieldId`, `locale`, `keywords`) VALUES ('4', 'kind', '0', 'en_us', ' image ');
INSERT INTO `craft_searchindex` (`elementId`, `attribute`, `fieldId`, `locale`, `keywords`) VALUES ('4', 'title', '0', 'en_us', ' weeds ');
INSERT INTO `craft_searchindex` (`elementId`, `attribute`, `fieldId`, `locale`, `keywords`) VALUES ('5', 'field', '2', 'en_us', '');
INSERT INTO `craft_searchindex` (`elementId`, `attribute`, `fieldId`, `locale`, `keywords`) VALUES ('5', 'field', '1', 'en_us', '');
INSERT INTO `craft_searchindex` (`elementId`, `attribute`, `fieldId`, `locale`, `keywords`) VALUES ('5', 'field', '3', 'en_us', '');
INSERT INTO `craft_searchindex` (`elementId`, `attribute`, `fieldId`, `locale`, `keywords`) VALUES ('5', 'filename', '0', 'en_us', ' golf jpg ');
INSERT INTO `craft_searchindex` (`elementId`, `attribute`, `fieldId`, `locale`, `keywords`) VALUES ('5', 'extension', '0', 'en_us', ' jpg ');
INSERT INTO `craft_searchindex` (`elementId`, `attribute`, `fieldId`, `locale`, `keywords`) VALUES ('5', 'kind', '0', 'en_us', ' image ');
INSERT INTO `craft_searchindex` (`elementId`, `attribute`, `fieldId`, `locale`, `keywords`) VALUES ('5', 'title', '0', 'en_us', ' golf ');
INSERT INTO `craft_searchindex` (`elementId`, `attribute`, `fieldId`, `locale`, `keywords`) VALUES ('4', 'slug', '0', 'en_us', ' weeds ');
INSERT INTO `craft_searchindex` (`elementId`, `attribute`, `fieldId`, `locale`, `keywords`) VALUES ('4', 'field', '7', 'en_us', ' in physics and mathematics the dimension of a space or object is informally defined as the minimum number of coordinates needed to specify any point within it ');
INSERT INTO `craft_searchindex` (`elementId`, `attribute`, `fieldId`, `locale`, `keywords`) VALUES ('4', 'field', '6', 'en_us', ' 62 h x 48 w x 14 d ');
INSERT INTO `craft_searchindex` (`elementId`, `attribute`, `fieldId`, `locale`, `keywords`) VALUES ('4', 'field', '8', 'en_us', ' sample text golf ');
INSERT INTO `craft_searchindex` (`elementId`, `attribute`, `fieldId`, `locale`, `keywords`) VALUES ('4', 'field', '5', 'en_us', ' used tea bags 4 leaf clovers wire branch dowel ');
INSERT INTO `craft_searchindex` (`elementId`, `attribute`, `fieldId`, `locale`, `keywords`) VALUES ('4', 'field', '4', 'en_us', ' the t shirt series ');
INSERT INTO `craft_searchindex` (`elementId`, `attribute`, `fieldId`, `locale`, `keywords`) VALUES ('5', 'field', '7', 'en_us', '');
INSERT INTO `craft_searchindex` (`elementId`, `attribute`, `fieldId`, `locale`, `keywords`) VALUES ('5', 'field', '6', 'en_us', '');
INSERT INTO `craft_searchindex` (`elementId`, `attribute`, `fieldId`, `locale`, `keywords`) VALUES ('5', 'field', '8', 'en_us', '');
INSERT INTO `craft_searchindex` (`elementId`, `attribute`, `fieldId`, `locale`, `keywords`) VALUES ('5', 'field', '5', 'en_us', '');
INSERT INTO `craft_searchindex` (`elementId`, `attribute`, `fieldId`, `locale`, `keywords`) VALUES ('5', 'field', '4', 'en_us', '');
INSERT INTO `craft_searchindex` (`elementId`, `attribute`, `fieldId`, `locale`, `keywords`) VALUES ('6', 'field', '2', 'en_us', '');
INSERT INTO `craft_searchindex` (`elementId`, `attribute`, `fieldId`, `locale`, `keywords`) VALUES ('6', 'field', '7', 'en_us', '');
INSERT INTO `craft_searchindex` (`elementId`, `attribute`, `fieldId`, `locale`, `keywords`) VALUES ('6', 'field', '6', 'en_us', '');
INSERT INTO `craft_searchindex` (`elementId`, `attribute`, `fieldId`, `locale`, `keywords`) VALUES ('6', 'field', '8', 'en_us', '');
INSERT INTO `craft_searchindex` (`elementId`, `attribute`, `fieldId`, `locale`, `keywords`) VALUES ('6', 'field', '1', 'en_us', '');
INSERT INTO `craft_searchindex` (`elementId`, `attribute`, `fieldId`, `locale`, `keywords`) VALUES ('6', 'field', '5', 'en_us', '');
INSERT INTO `craft_searchindex` (`elementId`, `attribute`, `fieldId`, `locale`, `keywords`) VALUES ('6', 'field', '4', 'en_us', '');
INSERT INTO `craft_searchindex` (`elementId`, `attribute`, `fieldId`, `locale`, `keywords`) VALUES ('6', 'field', '3', 'en_us', '');
INSERT INTO `craft_searchindex` (`elementId`, `attribute`, `fieldId`, `locale`, `keywords`) VALUES ('6', 'filename', '0', 'en_us', ' hiking jpg ');
INSERT INTO `craft_searchindex` (`elementId`, `attribute`, `fieldId`, `locale`, `keywords`) VALUES ('6', 'extension', '0', 'en_us', ' jpg ');
INSERT INTO `craft_searchindex` (`elementId`, `attribute`, `fieldId`, `locale`, `keywords`) VALUES ('6', 'kind', '0', 'en_us', ' image ');
INSERT INTO `craft_searchindex` (`elementId`, `attribute`, `fieldId`, `locale`, `keywords`) VALUES ('6', 'title', '0', 'en_us', ' hiking ');
INSERT INTO `craft_searchindex` (`elementId`, `attribute`, `fieldId`, `locale`, `keywords`) VALUES ('7', 'field', '12', 'en_us', ' sample text ');
INSERT INTO `craft_searchindex` (`elementId`, `attribute`, `fieldId`, `locale`, `keywords`) VALUES ('7', 'field', '11', 'en_us', ' golf ');
INSERT INTO `craft_searchindex` (`elementId`, `attribute`, `fieldId`, `locale`, `keywords`) VALUES ('8', 'field', '14', 'en_us', ' select text ');
INSERT INTO `craft_searchindex` (`elementId`, `attribute`, `fieldId`, `locale`, `keywords`) VALUES ('8', 'field', '13', 'en_us', ' hiking ');
INSERT INTO `craft_searchindex` (`elementId`, `attribute`, `fieldId`, `locale`, `keywords`) VALUES ('9', 'field', '17', 'en_us', ' sample text ');
INSERT INTO `craft_searchindex` (`elementId`, `attribute`, `fieldId`, `locale`, `keywords`) VALUES ('9', 'field', '16', 'en_us', ' hiking ');
INSERT INTO `craft_searchindex` (`elementId`, `attribute`, `fieldId`, `locale`, `keywords`) VALUES ('4', 'field', '15', 'en_us', ' sample text hiking hello golf ');
INSERT INTO `craft_searchindex` (`elementId`, `attribute`, `fieldId`, `locale`, `keywords`) VALUES ('10', 'field', '17', 'en_us', ' hello ');
INSERT INTO `craft_searchindex` (`elementId`, `attribute`, `fieldId`, `locale`, `keywords`) VALUES ('10', 'field', '16', 'en_us', ' golf ');
INSERT INTO `craft_searchindex` (`elementId`, `attribute`, `fieldId`, `locale`, `keywords`) VALUES ('12', 'slug', '0', 'en_us', ' test ');
INSERT INTO `craft_searchindex` (`elementId`, `attribute`, `fieldId`, `locale`, `keywords`) VALUES ('12', 'title', '0', 'en_us', ' test ');
INSERT INTO `craft_searchindex` (`elementId`, `attribute`, `fieldId`, `locale`, `keywords`) VALUES ('12', 'field', '2', 'en_us', '');
INSERT INTO `craft_searchindex` (`elementId`, `attribute`, `fieldId`, `locale`, `keywords`) VALUES ('12', 'field', '7', 'en_us', ' some copy ');
INSERT INTO `craft_searchindex` (`elementId`, `attribute`, `fieldId`, `locale`, `keywords`) VALUES ('12', 'field', '6', 'en_us', ' 123 ');
INSERT INTO `craft_searchindex` (`elementId`, `attribute`, `fieldId`, `locale`, `keywords`) VALUES ('12', 'field', '8', 'en_us', '');
INSERT INTO `craft_searchindex` (`elementId`, `attribute`, `fieldId`, `locale`, `keywords`) VALUES ('12', 'field', '15', 'en_us', '');
INSERT INTO `craft_searchindex` (`elementId`, `attribute`, `fieldId`, `locale`, `keywords`) VALUES ('12', 'field', '1', 'en_us', '');
INSERT INTO `craft_searchindex` (`elementId`, `attribute`, `fieldId`, `locale`, `keywords`) VALUES ('12', 'field', '5', 'en_us', ' 2 ');
INSERT INTO `craft_searchindex` (`elementId`, `attribute`, `fieldId`, `locale`, `keywords`) VALUES ('12', 'field', '4', 'en_us', ' series ');
INSERT INTO `craft_searchindex` (`elementId`, `attribute`, `fieldId`, `locale`, `keywords`) VALUES ('12', 'field', '3', 'en_us', '');
INSERT INTO `craft_searchindex` (`elementId`, `attribute`, `fieldId`, `locale`, `keywords`) VALUES ('13', 'slug', '0', 'en_us', ' 1212 ');
INSERT INTO `craft_searchindex` (`elementId`, `attribute`, `fieldId`, `locale`, `keywords`) VALUES ('13', 'title', '0', 'en_us', ' 1212 ');
INSERT INTO `craft_searchindex` (`elementId`, `attribute`, `fieldId`, `locale`, `keywords`) VALUES ('13', 'field', '2', 'en_us', '');
INSERT INTO `craft_searchindex` (`elementId`, `attribute`, `fieldId`, `locale`, `keywords`) VALUES ('13', 'field', '7', 'en_us', ' 1212 ');
INSERT INTO `craft_searchindex` (`elementId`, `attribute`, `fieldId`, `locale`, `keywords`) VALUES ('13', 'field', '6', 'en_us', ' 12122 ');
INSERT INTO `craft_searchindex` (`elementId`, `attribute`, `fieldId`, `locale`, `keywords`) VALUES ('13', 'field', '8', 'en_us', '');
INSERT INTO `craft_searchindex` (`elementId`, `attribute`, `fieldId`, `locale`, `keywords`) VALUES ('13', 'field', '15', 'en_us', '');
INSERT INTO `craft_searchindex` (`elementId`, `attribute`, `fieldId`, `locale`, `keywords`) VALUES ('13', 'field', '1', 'en_us', '');
INSERT INTO `craft_searchindex` (`elementId`, `attribute`, `fieldId`, `locale`, `keywords`) VALUES ('13', 'field', '5', 'en_us', ' 1212 ');
INSERT INTO `craft_searchindex` (`elementId`, `attribute`, `fieldId`, `locale`, `keywords`) VALUES ('13', 'field', '4', 'en_us', ' series ');
INSERT INTO `craft_searchindex` (`elementId`, `attribute`, `fieldId`, `locale`, `keywords`) VALUES ('13', 'field', '3', 'en_us', '');
INSERT INTO `craft_searchindex` (`elementId`, `attribute`, `fieldId`, `locale`, `keywords`) VALUES ('13', 'field', '18', 'en_us', '');
INSERT INTO `craft_searchindex` (`elementId`, `attribute`, `fieldId`, `locale`, `keywords`) VALUES ('14', 'slug', '0', 'en_us', ' another ');
INSERT INTO `craft_searchindex` (`elementId`, `attribute`, `fieldId`, `locale`, `keywords`) VALUES ('14', 'title', '0', 'en_us', ' another ');
INSERT INTO `craft_searchindex` (`elementId`, `attribute`, `fieldId`, `locale`, `keywords`) VALUES ('14', 'field', '2', 'en_us', '');
INSERT INTO `craft_searchindex` (`elementId`, `attribute`, `fieldId`, `locale`, `keywords`) VALUES ('14', 'field', '7', 'en_us', ' aa ');
INSERT INTO `craft_searchindex` (`elementId`, `attribute`, `fieldId`, `locale`, `keywords`) VALUES ('14', 'field', '6', 'en_us', ' aaa ');
INSERT INTO `craft_searchindex` (`elementId`, `attribute`, `fieldId`, `locale`, `keywords`) VALUES ('14', 'field', '8', 'en_us', '');
INSERT INTO `craft_searchindex` (`elementId`, `attribute`, `fieldId`, `locale`, `keywords`) VALUES ('14', 'field', '15', 'en_us', '');
INSERT INTO `craft_searchindex` (`elementId`, `attribute`, `fieldId`, `locale`, `keywords`) VALUES ('14', 'field', '1', 'en_us', '');
INSERT INTO `craft_searchindex` (`elementId`, `attribute`, `fieldId`, `locale`, `keywords`) VALUES ('14', 'field', '5', 'en_us', ' aaa ');
INSERT INTO `craft_searchindex` (`elementId`, `attribute`, `fieldId`, `locale`, `keywords`) VALUES ('14', 'field', '4', 'en_us', ' 3 ');
INSERT INTO `craft_searchindex` (`elementId`, `attribute`, `fieldId`, `locale`, `keywords`) VALUES ('14', 'field', '3', 'en_us', '');
INSERT INTO `craft_searchindex` (`elementId`, `attribute`, `fieldId`, `locale`, `keywords`) VALUES ('15', 'slug', '0', 'en_us', ' hello ');
INSERT INTO `craft_searchindex` (`elementId`, `attribute`, `fieldId`, `locale`, `keywords`) VALUES ('15', 'title', '0', 'en_us', ' hello ');
INSERT INTO `craft_searchindex` (`elementId`, `attribute`, `fieldId`, `locale`, `keywords`) VALUES ('16', 'field', '12', 'en_us', ' caption ');
INSERT INTO `craft_searchindex` (`elementId`, `attribute`, `fieldId`, `locale`, `keywords`) VALUES ('16', 'field', '11', 'en_us', ' golf ');
INSERT INTO `craft_searchindex` (`elementId`, `attribute`, `fieldId`, `locale`, `keywords`) VALUES ('17', 'field', '17', 'en_us', '');
INSERT INTO `craft_searchindex` (`elementId`, `attribute`, `fieldId`, `locale`, `keywords`) VALUES ('17', 'field', '16', 'en_us', ' hiking ');
INSERT INTO `craft_searchindex` (`elementId`, `attribute`, `fieldId`, `locale`, `keywords`) VALUES ('15', 'field', '2', 'en_us', '');
INSERT INTO `craft_searchindex` (`elementId`, `attribute`, `fieldId`, `locale`, `keywords`) VALUES ('15', 'field', '7', 'en_us', ' asasasasasas ');
INSERT INTO `craft_searchindex` (`elementId`, `attribute`, `fieldId`, `locale`, `keywords`) VALUES ('15', 'field', '6', 'en_us', ' asas ');
INSERT INTO `craft_searchindex` (`elementId`, `attribute`, `fieldId`, `locale`, `keywords`) VALUES ('15', 'field', '8', 'en_us', ' caption golf ');
INSERT INTO `craft_searchindex` (`elementId`, `attribute`, `fieldId`, `locale`, `keywords`) VALUES ('15', 'field', '15', 'en_us', ' hiking ');
INSERT INTO `craft_searchindex` (`elementId`, `attribute`, `fieldId`, `locale`, `keywords`) VALUES ('15', 'field', '1', 'en_us', '');
INSERT INTO `craft_searchindex` (`elementId`, `attribute`, `fieldId`, `locale`, `keywords`) VALUES ('15', 'field', '5', 'en_us', ' one material ');
INSERT INTO `craft_searchindex` (`elementId`, `attribute`, `fieldId`, `locale`, `keywords`) VALUES ('15', 'field', '4', 'en_us', ' the series ');
INSERT INTO `craft_searchindex` (`elementId`, `attribute`, `fieldId`, `locale`, `keywords`) VALUES ('15', 'field', '3', 'en_us', '');
INSERT INTO `craft_searchindex` (`elementId`, `attribute`, `fieldId`, `locale`, `keywords`) VALUES ('19', 'field', '2', 'en_us', '');
INSERT INTO `craft_searchindex` (`elementId`, `attribute`, `fieldId`, `locale`, `keywords`) VALUES ('19', 'field', '7', 'en_us', '');
INSERT INTO `craft_searchindex` (`elementId`, `attribute`, `fieldId`, `locale`, `keywords`) VALUES ('19', 'field', '6', 'en_us', '');
INSERT INTO `craft_searchindex` (`elementId`, `attribute`, `fieldId`, `locale`, `keywords`) VALUES ('19', 'field', '8', 'en_us', '');
INSERT INTO `craft_searchindex` (`elementId`, `attribute`, `fieldId`, `locale`, `keywords`) VALUES ('19', 'field', '15', 'en_us', '');
INSERT INTO `craft_searchindex` (`elementId`, `attribute`, `fieldId`, `locale`, `keywords`) VALUES ('19', 'field', '1', 'en_us', '');
INSERT INTO `craft_searchindex` (`elementId`, `attribute`, `fieldId`, `locale`, `keywords`) VALUES ('19', 'field', '5', 'en_us', '');
INSERT INTO `craft_searchindex` (`elementId`, `attribute`, `fieldId`, `locale`, `keywords`) VALUES ('19', 'field', '4', 'en_us', '');
INSERT INTO `craft_searchindex` (`elementId`, `attribute`, `fieldId`, `locale`, `keywords`) VALUES ('19', 'field', '3', 'en_us', '');
INSERT INTO `craft_searchindex` (`elementId`, `attribute`, `fieldId`, `locale`, `keywords`) VALUES ('19', 'filename', '0', 'en_us', ' 0081331 r1 e066 jpg ');
INSERT INTO `craft_searchindex` (`elementId`, `attribute`, `fieldId`, `locale`, `keywords`) VALUES ('19', 'extension', '0', 'en_us', ' jpg ');
INSERT INTO `craft_searchindex` (`elementId`, `attribute`, `fieldId`, `locale`, `keywords`) VALUES ('19', 'kind', '0', 'en_us', ' image ');
INSERT INTO `craft_searchindex` (`elementId`, `attribute`, `fieldId`, `locale`, `keywords`) VALUES ('19', 'title', '0', 'en_us', ' 0081331 r1 e066 ');
INSERT INTO `craft_searchindex` (`elementId`, `attribute`, `fieldId`, `locale`, `keywords`) VALUES ('20', 'field', '2', 'en_us', '');
INSERT INTO `craft_searchindex` (`elementId`, `attribute`, `fieldId`, `locale`, `keywords`) VALUES ('20', 'field', '7', 'en_us', '');
INSERT INTO `craft_searchindex` (`elementId`, `attribute`, `fieldId`, `locale`, `keywords`) VALUES ('20', 'field', '6', 'en_us', '');
INSERT INTO `craft_searchindex` (`elementId`, `attribute`, `fieldId`, `locale`, `keywords`) VALUES ('20', 'field', '8', 'en_us', '');
INSERT INTO `craft_searchindex` (`elementId`, `attribute`, `fieldId`, `locale`, `keywords`) VALUES ('20', 'field', '15', 'en_us', '');
INSERT INTO `craft_searchindex` (`elementId`, `attribute`, `fieldId`, `locale`, `keywords`) VALUES ('20', 'field', '1', 'en_us', '');
INSERT INTO `craft_searchindex` (`elementId`, `attribute`, `fieldId`, `locale`, `keywords`) VALUES ('20', 'field', '5', 'en_us', '');
INSERT INTO `craft_searchindex` (`elementId`, `attribute`, `fieldId`, `locale`, `keywords`) VALUES ('20', 'field', '4', 'en_us', '');
INSERT INTO `craft_searchindex` (`elementId`, `attribute`, `fieldId`, `locale`, `keywords`) VALUES ('20', 'field', '3', 'en_us', '');
INSERT INTO `craft_searchindex` (`elementId`, `attribute`, `fieldId`, `locale`, `keywords`) VALUES ('20', 'filename', '0', 'en_us', ' 0081331 r1 e067 jpg ');
INSERT INTO `craft_searchindex` (`elementId`, `attribute`, `fieldId`, `locale`, `keywords`) VALUES ('20', 'extension', '0', 'en_us', ' jpg ');
INSERT INTO `craft_searchindex` (`elementId`, `attribute`, `fieldId`, `locale`, `keywords`) VALUES ('20', 'kind', '0', 'en_us', ' image ');
INSERT INTO `craft_searchindex` (`elementId`, `attribute`, `fieldId`, `locale`, `keywords`) VALUES ('20', 'title', '0', 'en_us', ' 0081331 r1 e067 ');
INSERT INTO `craft_searchindex` (`elementId`, `attribute`, `fieldId`, `locale`, `keywords`) VALUES ('21', 'field', '2', 'en_us', '');
INSERT INTO `craft_searchindex` (`elementId`, `attribute`, `fieldId`, `locale`, `keywords`) VALUES ('21', 'field', '7', 'en_us', '');
INSERT INTO `craft_searchindex` (`elementId`, `attribute`, `fieldId`, `locale`, `keywords`) VALUES ('21', 'field', '6', 'en_us', '');
INSERT INTO `craft_searchindex` (`elementId`, `attribute`, `fieldId`, `locale`, `keywords`) VALUES ('21', 'field', '8', 'en_us', '');
INSERT INTO `craft_searchindex` (`elementId`, `attribute`, `fieldId`, `locale`, `keywords`) VALUES ('21', 'field', '15', 'en_us', '');
INSERT INTO `craft_searchindex` (`elementId`, `attribute`, `fieldId`, `locale`, `keywords`) VALUES ('21', 'field', '1', 'en_us', '');
INSERT INTO `craft_searchindex` (`elementId`, `attribute`, `fieldId`, `locale`, `keywords`) VALUES ('21', 'field', '5', 'en_us', '');
INSERT INTO `craft_searchindex` (`elementId`, `attribute`, `fieldId`, `locale`, `keywords`) VALUES ('21', 'field', '4', 'en_us', '');
INSERT INTO `craft_searchindex` (`elementId`, `attribute`, `fieldId`, `locale`, `keywords`) VALUES ('21', 'field', '3', 'en_us', '');
INSERT INTO `craft_searchindex` (`elementId`, `attribute`, `fieldId`, `locale`, `keywords`) VALUES ('21', 'filename', '0', 'en_us', ' 0081331 r1 e068 jpg ');
INSERT INTO `craft_searchindex` (`elementId`, `attribute`, `fieldId`, `locale`, `keywords`) VALUES ('21', 'extension', '0', 'en_us', ' jpg ');
INSERT INTO `craft_searchindex` (`elementId`, `attribute`, `fieldId`, `locale`, `keywords`) VALUES ('21', 'kind', '0', 'en_us', ' image ');
INSERT INTO `craft_searchindex` (`elementId`, `attribute`, `fieldId`, `locale`, `keywords`) VALUES ('21', 'title', '0', 'en_us', ' 0081331 r1 e068 ');
INSERT INTO `craft_searchindex` (`elementId`, `attribute`, `fieldId`, `locale`, `keywords`) VALUES ('22', 'slug', '0', 'en_us', ' book of knowledge ');
INSERT INTO `craft_searchindex` (`elementId`, `attribute`, `fieldId`, `locale`, `keywords`) VALUES ('22', 'title', '0', 'en_us', ' book of knowledge ');
INSERT INTO `craft_searchindex` (`elementId`, `attribute`, `fieldId`, `locale`, `keywords`) VALUES ('23', 'field', '12', 'en_us', '');
INSERT INTO `craft_searchindex` (`elementId`, `attribute`, `fieldId`, `locale`, `keywords`) VALUES ('23', 'field', '11', 'en_us', ' 0081331 r1 e066 0081331 r1 e067 ');
INSERT INTO `craft_searchindex` (`elementId`, `attribute`, `fieldId`, `locale`, `keywords`) VALUES ('24', 'field', '17', 'en_us', '');
INSERT INTO `craft_searchindex` (`elementId`, `attribute`, `fieldId`, `locale`, `keywords`) VALUES ('24', 'field', '16', 'en_us', ' 0081331 r1 e068 ');
INSERT INTO `craft_searchindex` (`elementId`, `attribute`, `fieldId`, `locale`, `keywords`) VALUES ('22', 'field', '2', 'en_us', '');
INSERT INTO `craft_searchindex` (`elementId`, `attribute`, `fieldId`, `locale`, `keywords`) VALUES ('22', 'field', '7', 'en_us', '');
INSERT INTO `craft_searchindex` (`elementId`, `attribute`, `fieldId`, `locale`, `keywords`) VALUES ('22', 'field', '6', 'en_us', ' opened 15 5 h x 77 w x 12 d closed 15 5 square ');
INSERT INTO `craft_searchindex` (`elementId`, `attribute`, `fieldId`, `locale`, `keywords`) VALUES ('22', 'field', '8', 'en_us', ' 0081331 r1 e066 0081331 r1 e067 ');
INSERT INTO `craft_searchindex` (`elementId`, `attribute`, `fieldId`, `locale`, `keywords`) VALUES ('22', 'field', '15', 'en_us', ' 0081331 r1 e068 ');
INSERT INTO `craft_searchindex` (`elementId`, `attribute`, `fieldId`, `locale`, `keywords`) VALUES ('22', 'field', '1', 'en_us', '');
INSERT INTO `craft_searchindex` (`elementId`, `attribute`, `fieldId`, `locale`, `keywords`) VALUES ('22', 'field', '5', 'en_us', ' painted reinforced cast paper wire twine wood ');
INSERT INTO `craft_searchindex` (`elementId`, `attribute`, `fieldId`, `locale`, `keywords`) VALUES ('22', 'field', '4', 'en_us', ' gnostic series ');
INSERT INTO `craft_searchindex` (`elementId`, `attribute`, `fieldId`, `locale`, `keywords`) VALUES ('22', 'field', '3', 'en_us', '');
INSERT INTO `craft_searchindex` (`elementId`, `attribute`, `fieldId`, `locale`, `keywords`) VALUES ('25', 'slug', '0', 'en_us', ' book of knowledge ');
INSERT INTO `craft_searchindex` (`elementId`, `attribute`, `fieldId`, `locale`, `keywords`) VALUES ('25', 'title', '0', 'en_us', ' book of knowledge ');
INSERT INTO `craft_searchindex` (`elementId`, `attribute`, `fieldId`, `locale`, `keywords`) VALUES ('26', 'field', '12', 'en_us', '');
INSERT INTO `craft_searchindex` (`elementId`, `attribute`, `fieldId`, `locale`, `keywords`) VALUES ('26', 'field', '11', 'en_us', ' 0081331 r1 e066 ');
INSERT INTO `craft_searchindex` (`elementId`, `attribute`, `fieldId`, `locale`, `keywords`) VALUES ('27', 'field', '17', 'en_us', '');
INSERT INTO `craft_searchindex` (`elementId`, `attribute`, `fieldId`, `locale`, `keywords`) VALUES ('27', 'field', '16', 'en_us', ' 0081331 r1 e068 ');
INSERT INTO `craft_searchindex` (`elementId`, `attribute`, `fieldId`, `locale`, `keywords`) VALUES ('25', 'field', '2', 'en_us', '');
INSERT INTO `craft_searchindex` (`elementId`, `attribute`, `fieldId`, `locale`, `keywords`) VALUES ('25', 'field', '7', 'en_us', ' text view i and the serpent said unto the woman god doth know that in the day ye eat of the fruit of the tree which is in the midst of the garden your eyes shall be opened and ye shall be as gods knowing good and eviltext view ii fruit pie recipe fruit on hot cereal recipe fruit crisp recipe fruit snack recipe fruit oatmeal cookies recipe fruit sauce recipe baked fruit recipe ');
INSERT INTO `craft_searchindex` (`elementId`, `attribute`, `fieldId`, `locale`, `keywords`) VALUES ('25', 'field', '6', 'en_us', ' opened 15 5 h x 77 w x 12 d closed 15 5 square ');
INSERT INTO `craft_searchindex` (`elementId`, `attribute`, `fieldId`, `locale`, `keywords`) VALUES ('25', 'field', '8', 'en_us', ' 0081331 r1 e066 ');
INSERT INTO `craft_searchindex` (`elementId`, `attribute`, `fieldId`, `locale`, `keywords`) VALUES ('25', 'field', '15', 'en_us', ' 0081331 r1 e068 ');
INSERT INTO `craft_searchindex` (`elementId`, `attribute`, `fieldId`, `locale`, `keywords`) VALUES ('25', 'field', '1', 'en_us', '');
INSERT INTO `craft_searchindex` (`elementId`, `attribute`, `fieldId`, `locale`, `keywords`) VALUES ('25', 'field', '5', 'en_us', ' painted reinforced cast paper wire twine wood ');
INSERT INTO `craft_searchindex` (`elementId`, `attribute`, `fieldId`, `locale`, `keywords`) VALUES ('25', 'field', '4', 'en_us', ' gnostic series ');
INSERT INTO `craft_searchindex` (`elementId`, `attribute`, `fieldId`, `locale`, `keywords`) VALUES ('25', 'field', '3', 'en_us', '');
INSERT INTO `craft_searchindex` (`elementId`, `attribute`, `fieldId`, `locale`, `keywords`) VALUES ('28', 'slug', '0', 'en_us', ' knowledge ');
INSERT INTO `craft_searchindex` (`elementId`, `attribute`, `fieldId`, `locale`, `keywords`) VALUES ('28', 'title', '0', 'en_us', ' knowledge ');
INSERT INTO `craft_searchindex` (`elementId`, `attribute`, `fieldId`, `locale`, `keywords`) VALUES ('28', 'field', '2', 'en_us', '');
INSERT INTO `craft_searchindex` (`elementId`, `attribute`, `fieldId`, `locale`, `keywords`) VALUES ('28', 'field', '7', 'en_us', ' the forbidden fruit has been sampled and understandably leaves us wanting more ');
INSERT INTO `craft_searchindex` (`elementId`, `attribute`, `fieldId`, `locale`, `keywords`) VALUES ('28', 'field', '6', 'en_us', ' top 43 h x 52 w x 15 d bottom variable ');
INSERT INTO `craft_searchindex` (`elementId`, `attribute`, `fieldId`, `locale`, `keywords`) VALUES ('28', 'field', '8', 'en_us', '');
INSERT INTO `craft_searchindex` (`elementId`, `attribute`, `fieldId`, `locale`, `keywords`) VALUES ('28', 'field', '15', 'en_us', '');
INSERT INTO `craft_searchindex` (`elementId`, `attribute`, `fieldId`, `locale`, `keywords`) VALUES ('28', 'field', '1', 'en_us', '');
INSERT INTO `craft_searchindex` (`elementId`, `attribute`, `fieldId`, `locale`, `keywords`) VALUES ('28', 'field', '5', 'en_us', ' painted reinforced cast paper wire wood ');
INSERT INTO `craft_searchindex` (`elementId`, `attribute`, `fieldId`, `locale`, `keywords`) VALUES ('28', 'field', '4', 'en_us', ' gnostic series ');
INSERT INTO `craft_searchindex` (`elementId`, `attribute`, `fieldId`, `locale`, `keywords`) VALUES ('28', 'field', '3', 'en_us', '');
INSERT INTO `craft_searchindex` (`elementId`, `attribute`, `fieldId`, `locale`, `keywords`) VALUES ('29', 'slug', '0', 'en_us', ' seires ');
INSERT INTO `craft_searchindex` (`elementId`, `attribute`, `fieldId`, `locale`, `keywords`) VALUES ('29', 'title', '0', 'en_us', ' seires ');
INSERT INTO `craft_searchindex` (`elementId`, `attribute`, `fieldId`, `locale`, `keywords`) VALUES ('29', 'field', '2', 'en_us', '');
INSERT INTO `craft_searchindex` (`elementId`, `attribute`, `fieldId`, `locale`, `keywords`) VALUES ('29', 'field', '7', 'en_us', '');
INSERT INTO `craft_searchindex` (`elementId`, `attribute`, `fieldId`, `locale`, `keywords`) VALUES ('29', 'field', '6', 'en_us', '');
INSERT INTO `craft_searchindex` (`elementId`, `attribute`, `fieldId`, `locale`, `keywords`) VALUES ('29', 'field', '8', 'en_us', '');
INSERT INTO `craft_searchindex` (`elementId`, `attribute`, `fieldId`, `locale`, `keywords`) VALUES ('29', 'field', '15', 'en_us', '');
INSERT INTO `craft_searchindex` (`elementId`, `attribute`, `fieldId`, `locale`, `keywords`) VALUES ('29', 'field', '1', 'en_us', '');
INSERT INTO `craft_searchindex` (`elementId`, `attribute`, `fieldId`, `locale`, `keywords`) VALUES ('29', 'field', '5', 'en_us', '');
INSERT INTO `craft_searchindex` (`elementId`, `attribute`, `fieldId`, `locale`, `keywords`) VALUES ('29', 'field', '4', 'en_us', '');
INSERT INTO `craft_searchindex` (`elementId`, `attribute`, `fieldId`, `locale`, `keywords`) VALUES ('29', 'field', '3', 'en_us', '');



--
-- Schema for table `craft_sections`
--

DROP TABLE IF EXISTS `craft_sections`;

CREATE TABLE `craft_sections` (
  `id` int(11) NOT NULL AUTO_INCREMENT,
  `name` varchar(255) COLLATE utf8_unicode_ci NOT NULL,
  `handle` varchar(255) COLLATE utf8_unicode_ci NOT NULL,
  `type` enum('single','channel','structure') COLLATE utf8_unicode_ci NOT NULL DEFAULT 'channel',
  `hasUrls` tinyint(1) unsigned NOT NULL DEFAULT '1',
  `template` varchar(500) COLLATE utf8_unicode_ci DEFAULT NULL,
  `maxDepth` int(10) unsigned DEFAULT NULL,
  `dateCreated` datetime NOT NULL,
  `dateUpdated` datetime NOT NULL,
  `uid` char(36) COLLATE utf8_unicode_ci NOT NULL DEFAULT '0',
  PRIMARY KEY (`id`),
  UNIQUE KEY `craft_sections_name_unq_idx` (`name`),
  UNIQUE KEY `craft_sections_handle_unq_idx` (`handle`)
) ENGINE=InnoDB AUTO_INCREMENT=6 DEFAULT CHARSET=utf8 COLLATE=utf8_unicode_ci;

--
-- Data for table `craft_sections`
--

INSERT INTO `craft_sections` (`id`, `name`, `handle`, `type`, `hasUrls`, `template`, `maxDepth`, `dateCreated`, `dateUpdated`, `uid`) VALUES ('1', 'Homepage', 'homepage', 'single', '1', 'index', NULL, '2014-02-03 19:42:43', '2014-02-03 19:42:43', 'bae0bef7-ec44-4d6a-83dc-2291475f2151');
INSERT INTO `craft_sections` (`id`, `name`, `handle`, `type`, `hasUrls`, `template`, `maxDepth`, `dateCreated`, `dateUpdated`, `uid`) VALUES ('2', 'News', 'news', 'channel', '1', 'news/_entry', NULL, '2014-02-03 19:42:43', '2014-02-03 19:42:43', '8743bc94-1585-4277-8954-db3c0b435333');
INSERT INTO `craft_sections` (`id`, `name`, `handle`, `type`, `hasUrls`, `template`, `maxDepth`, `dateCreated`, `dateUpdated`, `uid`) VALUES ('5', 'Gallery', 'gallery', 'structure', '1', 'gallery/_entry', NULL, '2014-03-05 02:47:53', '2014-03-05 02:47:53', '44e4b2b0-e6b7-44e1-86a2-7e276c1830df');



--
-- Schema for table `craft_sections_i18n`
--

DROP TABLE IF EXISTS `craft_sections_i18n`;

CREATE TABLE `craft_sections_i18n` (
  `id` int(11) NOT NULL AUTO_INCREMENT,
  `sectionId` int(11) NOT NULL,
  `locale` char(12) COLLATE utf8_unicode_ci NOT NULL,
  `urlFormat` varchar(255) COLLATE utf8_unicode_ci DEFAULT NULL,
  `nestedUrlFormat` varchar(255) COLLATE utf8_unicode_ci DEFAULT NULL,
  `dateCreated` datetime NOT NULL,
  `dateUpdated` datetime NOT NULL,
  `uid` char(36) COLLATE utf8_unicode_ci NOT NULL DEFAULT '0',
  PRIMARY KEY (`id`),
  UNIQUE KEY `craft_sections_i18n_sectionId_locale_unq_idx` (`sectionId`,`locale`),
  KEY `craft_sections_i18n_locale_fk` (`locale`)
) ENGINE=InnoDB AUTO_INCREMENT=6 DEFAULT CHARSET=utf8 COLLATE=utf8_unicode_ci;

--
-- Data for table `craft_sections_i18n`
--

INSERT INTO `craft_sections_i18n` (`id`, `sectionId`, `locale`, `urlFormat`, `nestedUrlFormat`, `dateCreated`, `dateUpdated`, `uid`) VALUES ('1', '1', 'en_us', '__home__', NULL, '2014-02-03 19:42:43', '2014-02-03 19:42:43', 'a6e587cc-4a20-4f99-b8ec-ce8fefec71c1');
INSERT INTO `craft_sections_i18n` (`id`, `sectionId`, `locale`, `urlFormat`, `nestedUrlFormat`, `dateCreated`, `dateUpdated`, `uid`) VALUES ('2', '2', 'en_us', 'news/{postDate.year}/{slug}', NULL, '2014-02-03 19:42:43', '2014-02-03 19:42:43', 'd08f29f5-044e-4cab-a48d-d77f6631c641');
INSERT INTO `craft_sections_i18n` (`id`, `sectionId`, `locale`, `urlFormat`, `nestedUrlFormat`, `dateCreated`, `dateUpdated`, `uid`) VALUES ('5', '5', 'en_us', 'gallery/{slug}', '{parent.uri}/{slug}', '2014-03-05 02:47:53', '2014-03-05 02:47:53', '26bb6f14-1ddb-41b9-a27c-4129087cc727');



--
-- Schema for table `craft_sessions`
--

DROP TABLE IF EXISTS `craft_sessions`;

CREATE TABLE `craft_sessions` (
  `id` int(11) NOT NULL AUTO_INCREMENT,
  `userId` int(11) NOT NULL,
  `token` char(100) COLLATE utf8_unicode_ci NOT NULL,
  `dateCreated` datetime NOT NULL,
  `dateUpdated` datetime NOT NULL,
  `uid` char(36) COLLATE utf8_unicode_ci NOT NULL DEFAULT '0',
  PRIMARY KEY (`id`),
  KEY `craft_sessions_uid_idx` (`uid`),
  KEY `craft_sessions_token_idx` (`token`),
  KEY `craft_sessions_dateUpdated_idx` (`dateUpdated`),
  KEY `craft_sessions_userId_fk` (`userId`)
) ENGINE=InnoDB AUTO_INCREMENT=16 DEFAULT CHARSET=utf8 COLLATE=utf8_unicode_ci;

--
-- Data for table `craft_sessions`
--

INSERT INTO `craft_sessions` (`id`, `userId`, `token`, `dateCreated`, `dateUpdated`, `uid`) VALUES ('1', '1', '9711422bb124ddbac82ffe3bc10e938367657d56czozNjoiMmQxM2YwZTUtNTJhOC00OWM0LTlhNTktMzcwYmIzOTY0ZjM1Ijs=', '2014-02-03 19:42:43', '2014-02-03 19:42:43', '04789546-3474-4305-b2bc-fe03306ff430');
INSERT INTO `craft_sessions` (`id`, `userId`, `token`, `dateCreated`, `dateUpdated`, `uid`) VALUES ('2', '1', 'f79b69d6aab26f06a2ae8208a22ef2a56c8763e9czozNjoiZjQ0MzUyZjUtZWI4Ni00N2NmLTg0MWMtYjliMzA2M2ZmM2ZkIjs=', '2014-02-03 20:38:07', '2014-02-03 20:38:07', '2af5e12d-1bc6-4956-b2d3-664d143b71ec');
INSERT INTO `craft_sessions` (`id`, `userId`, `token`, `dateCreated`, `dateUpdated`, `uid`) VALUES ('3', '1', '61c9b5b8ecd5bed2582fa3870db9e6e016102869czozNjoiYWE2OWRlMTQtZTc5YS00MWE0LThiOWItYzFlMGNmOTViOTRjIjs=', '2014-02-04 14:54:44', '2014-02-04 14:54:44', 'f945e409-c684-42b1-95aa-66b3f26ceccf');
INSERT INTO `craft_sessions` (`id`, `userId`, `token`, `dateCreated`, `dateUpdated`, `uid`) VALUES ('4', '1', 'a122eaf4a3c55060795432a8c6854203d6c924aeczozNjoiYjBlMTQyM2MtYjU1YS00MGRmLWI4YmQtZWFiNDYzY2IyY2UzIjs=', '2014-02-04 15:27:25', '2014-02-04 15:27:25', '43f9524c-9295-4ce6-8a8d-4bdfac7b0bc3');
INSERT INTO `craft_sessions` (`id`, `userId`, `token`, `dateCreated`, `dateUpdated`, `uid`) VALUES ('5', '1', 'eff4cfab4e5b81ea3d89ef7171568728ff8e83d9czozNjoiOTNhYjZmYjItNThlZS00Y2I0LWIxY2MtMjgzOTA3ODEyNDg5Ijs=', '2014-02-13 13:25:17', '2014-02-13 13:25:17', '8987c9e7-af0a-48ee-8765-d7623a6b1026');
INSERT INTO `craft_sessions` (`id`, `userId`, `token`, `dateCreated`, `dateUpdated`, `uid`) VALUES ('6', '1', 'f89be125506a06fe40ca1866219ba253217cca09czozNjoiMjgwNDkxMjQtMGI5Yy00M2E1LTllMWUtMDAxNGE2NGQzMTYyIjs=', '2014-02-13 17:36:56', '2014-02-13 17:36:56', 'ef8fe427-96af-4762-acc2-c30b785842c0');
INSERT INTO `craft_sessions` (`id`, `userId`, `token`, `dateCreated`, `dateUpdated`, `uid`) VALUES ('7', '1', '9e792ad95072619b8d2b203abf77c2120f1c034cczozNjoiYTJjMmFhZjMtYWNhMS00MjgwLTg0MzMtMzUzOThkNjA0ZDNmIjs=', '2014-02-13 20:39:20', '2014-02-13 20:39:20', '1999213c-8dce-4036-850e-5658d734b2ca');
INSERT INTO `craft_sessions` (`id`, `userId`, `token`, `dateCreated`, `dateUpdated`, `uid`) VALUES ('9', '1', 'd94956c215189070f346dface7472903b02a7931czozNjoiYTQ1NmRhYjctYWVkZi00Njc0LWFhZjAtNDk1NWQ4ZDA2OTYwIjs=', '2014-02-20 23:44:02', '2014-02-20 23:44:02', 'be1d20a5-9b51-4bc3-9b67-1daf3376500a');
INSERT INTO `craft_sessions` (`id`, `userId`, `token`, `dateCreated`, `dateUpdated`, `uid`) VALUES ('10', '1', '1bb29a717663a2b201e06e4ab64230ca8a16670dczozNjoiMjg5OTdiZDUtZmNiOC00YzYxLWJhM2QtMzg4NjI2ZWNkNDFmIjs=', '2014-02-24 14:20:51', '2014-02-24 14:20:51', '8a6e8178-302e-4c71-871e-eaf231f20d58');
INSERT INTO `craft_sessions` (`id`, `userId`, `token`, `dateCreated`, `dateUpdated`, `uid`) VALUES ('11', '1', '6ed31e1f94a8e673f85d212211ae7dbde2b44e2dczozNjoiZjg4NDgyYTItYjg1Zi00ZGNiLWJlN2QtMWIyMDAyZDU3OGQ2Ijs=', '2014-03-04 15:53:35', '2014-03-04 15:53:35', 'a720cf29-8c43-4a75-b810-f297257dc760');
INSERT INTO `craft_sessions` (`id`, `userId`, `token`, `dateCreated`, `dateUpdated`, `uid`) VALUES ('12', '1', '0d5ec9f242d88002b725cf710c849536ebc48875czozNjoiMzc5ZjJkODctMGQ1Mi00ZWUxLTliYzktYzQyNjA2NGZjNmJiIjs=', '2014-03-04 17:14:54', '2014-03-04 17:14:54', 'd9a9f066-abe0-476d-9f78-293a83950610');
INSERT INTO `craft_sessions` (`id`, `userId`, `token`, `dateCreated`, `dateUpdated`, `uid`) VALUES ('13', '1', '7946964244c5d3b62e9e5816d2444abd0c0b089aczozNjoiOGU0MTZmMmEtMmMyOC00ZTI1LTgwYjUtNzZjOTFhYzA1NjBiIjs=', '2014-03-04 19:05:06', '2014-03-04 19:05:06', '2058f02c-31b5-4b62-9a68-72665d9f506a');
INSERT INTO `craft_sessions` (`id`, `userId`, `token`, `dateCreated`, `dateUpdated`, `uid`) VALUES ('14', '1', '0500ceb83877242eb7617fd5f05934dbbe231289czozNjoiYjQ5YmQ0MzAtMzZjZS00NmJiLWJmYzAtYzc1MGJlOGU5MWQxIjs=', '2014-03-05 02:24:57', '2014-03-05 02:24:57', '7f771345-5ac0-4d8b-bb2f-7d576761d44d');
INSERT INTO `craft_sessions` (`id`, `userId`, `token`, `dateCreated`, `dateUpdated`, `uid`) VALUES ('15', '1', 'c63f23954e2dd21e4d16e6e0c4edf584b8db4934czozNjoiOWUzYzk2ZmMtZTNmOC00MzI0LTlmNmItNGIyZTA4MDA4ZTI1Ijs=', '2014-03-19 00:57:09', '2014-03-19 00:57:09', '44cef1e2-d97d-4af8-9b25-4cdc494951df');



--
-- Schema for table `craft_shunnedmessages`
--

DROP TABLE IF EXISTS `craft_shunnedmessages`;

CREATE TABLE `craft_shunnedmessages` (
  `id` int(11) NOT NULL AUTO_INCREMENT,
  `userId` int(11) NOT NULL,
  `message` varchar(255) COLLATE utf8_unicode_ci NOT NULL,
  `expiryDate` datetime DEFAULT NULL,
  `dateCreated` datetime NOT NULL,
  `dateUpdated` datetime NOT NULL,
  `uid` char(36) COLLATE utf8_unicode_ci NOT NULL DEFAULT '0',
  PRIMARY KEY (`id`),
  UNIQUE KEY `craft_shunnedmessages_userId_message_unq_idx` (`userId`,`message`)
) ENGINE=InnoDB AUTO_INCREMENT=2 DEFAULT CHARSET=utf8 COLLATE=utf8_unicode_ci;

--
-- Data for table `craft_shunnedmessages`
--

INSERT INTO `craft_shunnedmessages` (`id`, `userId`, `message`, `expiryDate`, `dateCreated`, `dateUpdated`, `uid`) VALUES ('1', '1', 'packageTrialAlert', '2014-02-14 13:25:25', '2014-02-13 13:25:25', '2014-02-13 13:25:25', '0e4e55ea-6abe-47a7-a7de-c9ccfce5e556');



--
-- Schema for table `craft_systemsettings`
--

DROP TABLE IF EXISTS `craft_systemsettings`;

CREATE TABLE `craft_systemsettings` (
  `id` int(11) NOT NULL AUTO_INCREMENT,
  `category` varchar(15) COLLATE utf8_unicode_ci NOT NULL,
  `settings` text COLLATE utf8_unicode_ci,
  `dateCreated` datetime NOT NULL,
  `dateUpdated` datetime NOT NULL,
  `uid` char(36) COLLATE utf8_unicode_ci NOT NULL DEFAULT '0',
  PRIMARY KEY (`id`),
  UNIQUE KEY `craft_systemsettings_category_unq_idx` (`category`)
) ENGINE=InnoDB AUTO_INCREMENT=2 DEFAULT CHARSET=utf8 COLLATE=utf8_unicode_ci;

--
-- Data for table `craft_systemsettings`
--

INSERT INTO `craft_systemsettings` (`id`, `category`, `settings`, `dateCreated`, `dateUpdated`, `uid`) VALUES ('1', 'email', '{\"protocol\":\"php\",\"emailAddress\":\"hello@madebyhdc.com\",\"senderName\":\"Judith Olson Gregory\"}', '2014-02-03 19:42:43', '2014-02-03 19:42:43', '4e179956-2253-4360-b242-f8d5372700d0');



--
-- Schema for table `craft_tags`
--

DROP TABLE IF EXISTS `craft_tags`;

CREATE TABLE `craft_tags` (
  `id` int(11) NOT NULL,
  `setId` int(11) NOT NULL,
  `name` varchar(255) COLLATE utf8_unicode_ci NOT NULL,
  `dateCreated` datetime NOT NULL,
  `dateUpdated` datetime NOT NULL,
  `uid` char(36) COLLATE utf8_unicode_ci NOT NULL DEFAULT '0',
  PRIMARY KEY (`id`),
  UNIQUE KEY `craft_tags_setId_name_unq_idx` (`setId`,`name`)
) ENGINE=InnoDB DEFAULT CHARSET=utf8 COLLATE=utf8_unicode_ci;

--
-- Schema for table `craft_tagsets`
--

DROP TABLE IF EXISTS `craft_tagsets`;

CREATE TABLE `craft_tagsets` (
  `id` int(11) NOT NULL AUTO_INCREMENT,
  `name` varchar(255) COLLATE utf8_unicode_ci NOT NULL,
  `handle` varchar(255) COLLATE utf8_unicode_ci NOT NULL,
  `fieldLayoutId` int(10) DEFAULT NULL,
  `dateCreated` datetime NOT NULL,
  `dateUpdated` datetime NOT NULL,
  `uid` char(36) COLLATE utf8_unicode_ci NOT NULL DEFAULT '0',
  PRIMARY KEY (`id`),
  UNIQUE KEY `craft_tagsets_name_unq_idx` (`name`),
  UNIQUE KEY `craft_tagsets_handle_unq_idx` (`handle`),
  KEY `craft_tagsets_fieldLayoutId_fk` (`fieldLayoutId`)
) ENGINE=InnoDB AUTO_INCREMENT=2 DEFAULT CHARSET=utf8 COLLATE=utf8_unicode_ci;

--
-- Data for table `craft_tagsets`
--

INSERT INTO `craft_tagsets` (`id`, `name`, `handle`, `fieldLayoutId`, `dateCreated`, `dateUpdated`, `uid`) VALUES ('1', 'Default', 'default', '1', '2014-02-03 19:42:43', '2014-02-03 19:42:43', 'b8a7b275-abb9-48c7-924c-5c683dd2d9e6');



--
-- Schema for table `craft_usergroups`
--

DROP TABLE IF EXISTS `craft_usergroups`;

CREATE TABLE `craft_usergroups` (
  `id` int(11) NOT NULL AUTO_INCREMENT,
  `name` varchar(255) COLLATE utf8_unicode_ci NOT NULL,
  `handle` varchar(255) COLLATE utf8_unicode_ci NOT NULL,
  `dateCreated` datetime NOT NULL,
  `dateUpdated` datetime NOT NULL,
  `uid` char(36) COLLATE utf8_unicode_ci NOT NULL DEFAULT '0',
  PRIMARY KEY (`id`)
) ENGINE=InnoDB DEFAULT CHARSET=utf8 COLLATE=utf8_unicode_ci;

--
-- Schema for table `craft_usergroups_users`
--

DROP TABLE IF EXISTS `craft_usergroups_users`;

CREATE TABLE `craft_usergroups_users` (
  `id` int(11) NOT NULL AUTO_INCREMENT,
  `groupId` int(11) NOT NULL,
  `userId` int(11) NOT NULL,
  `dateCreated` datetime NOT NULL,
  `dateUpdated` datetime NOT NULL,
  `uid` char(36) COLLATE utf8_unicode_ci NOT NULL DEFAULT '0',
  PRIMARY KEY (`id`),
  UNIQUE KEY `craft_usergroups_users_groupId_userId_unq_idx` (`groupId`,`userId`),
  KEY `craft_usergroups_users_userId_fk` (`userId`)
) ENGINE=InnoDB DEFAULT CHARSET=utf8 COLLATE=utf8_unicode_ci;

--
-- Schema for table `craft_userpermissions`
--

DROP TABLE IF EXISTS `craft_userpermissions`;

CREATE TABLE `craft_userpermissions` (
  `id` int(11) NOT NULL AUTO_INCREMENT,
  `name` varchar(255) COLLATE utf8_unicode_ci NOT NULL,
  `dateCreated` datetime NOT NULL,
  `dateUpdated` datetime NOT NULL,
  `uid` char(36) COLLATE utf8_unicode_ci NOT NULL DEFAULT '0',
  PRIMARY KEY (`id`),
  UNIQUE KEY `craft_userpermissions_name_unq_idx` (`name`)
) ENGINE=InnoDB DEFAULT CHARSET=utf8 COLLATE=utf8_unicode_ci;

--
-- Schema for table `craft_userpermissions_usergroups`
--

DROP TABLE IF EXISTS `craft_userpermissions_usergroups`;

CREATE TABLE `craft_userpermissions_usergroups` (
  `id` int(11) NOT NULL AUTO_INCREMENT,
  `permissionId` int(11) NOT NULL,
  `groupId` int(11) NOT NULL,
  `dateCreated` datetime NOT NULL,
  `dateUpdated` datetime NOT NULL,
  `uid` char(36) COLLATE utf8_unicode_ci NOT NULL DEFAULT '0',
  PRIMARY KEY (`id`),
  UNIQUE KEY `craft_userpermissions_usergroups_permissionId_groupId_unq_idx` (`permissionId`,`groupId`),
  KEY `craft_userpermissions_usergroups_groupId_fk` (`groupId`)
) ENGINE=InnoDB DEFAULT CHARSET=utf8 COLLATE=utf8_unicode_ci;

--
-- Schema for table `craft_userpermissions_users`
--

DROP TABLE IF EXISTS `craft_userpermissions_users`;

CREATE TABLE `craft_userpermissions_users` (
  `id` int(11) NOT NULL AUTO_INCREMENT,
  `permissionId` int(11) NOT NULL,
  `userId` int(11) NOT NULL,
  `dateCreated` datetime NOT NULL,
  `dateUpdated` datetime NOT NULL,
  `uid` char(36) COLLATE utf8_unicode_ci NOT NULL DEFAULT '0',
  PRIMARY KEY (`id`),
  UNIQUE KEY `craft_userpermissions_users_permissionId_userId_unq_idx` (`permissionId`,`userId`),
  KEY `craft_userpermissions_users_userId_fk` (`userId`)
) ENGINE=InnoDB DEFAULT CHARSET=utf8 COLLATE=utf8_unicode_ci;

--
-- Schema for table `craft_users`
--

DROP TABLE IF EXISTS `craft_users`;

CREATE TABLE `craft_users` (
  `id` int(11) NOT NULL,
  `username` varchar(100) COLLATE utf8_unicode_ci NOT NULL,
  `photo` varchar(50) COLLATE utf8_unicode_ci DEFAULT NULL,
  `firstName` varchar(100) COLLATE utf8_unicode_ci DEFAULT NULL,
  `lastName` varchar(100) COLLATE utf8_unicode_ci DEFAULT NULL,
  `email` varchar(255) COLLATE utf8_unicode_ci NOT NULL,
  `password` char(255) COLLATE utf8_unicode_ci DEFAULT NULL,
  `preferredLocale` char(12) COLLATE utf8_unicode_ci DEFAULT NULL,
  `admin` tinyint(1) unsigned NOT NULL DEFAULT '0',
  `status` enum('locked','suspended','pending','active','archived') COLLATE utf8_unicode_ci DEFAULT 'pending',
  `lastLoginDate` datetime DEFAULT NULL,
  `lastLoginAttemptIPAddress` varchar(45) COLLATE utf8_unicode_ci DEFAULT NULL,
  `invalidLoginWindowStart` datetime DEFAULT NULL,
  `invalidLoginCount` tinyint(4) unsigned DEFAULT NULL,
  `lastInvalidLoginDate` datetime DEFAULT NULL,
  `lockoutDate` datetime DEFAULT NULL,
  `verificationCode` char(100) COLLATE utf8_unicode_ci DEFAULT NULL,
  `verificationCodeIssuedDate` datetime DEFAULT NULL,
  `passwordResetRequired` tinyint(1) unsigned NOT NULL DEFAULT '0',
  `lastPasswordChangeDate` datetime DEFAULT NULL,
  `dateCreated` datetime NOT NULL,
  `dateUpdated` datetime NOT NULL,
  `uid` char(36) COLLATE utf8_unicode_ci NOT NULL DEFAULT '0',
  PRIMARY KEY (`id`),
  UNIQUE KEY `craft_users_username_unq_idx` (`username`),
  UNIQUE KEY `craft_users_email_unq_idx` (`email`),
  KEY `craft_users_verificationCode_idx` (`verificationCode`),
  KEY `craft_users_uid_idx` (`uid`),
  KEY `craft_users_preferredLocale_fk` (`preferredLocale`)
) ENGINE=InnoDB DEFAULT CHARSET=utf8 COLLATE=utf8_unicode_ci;

--
-- Data for table `craft_users`
--

INSERT INTO `craft_users` (`id`, `username`, `photo`, `firstName`, `lastName`, `email`, `password`, `preferredLocale`, `admin`, `status`, `lastLoginDate`, `lastLoginAttemptIPAddress`, `invalidLoginWindowStart`, `invalidLoginCount`, `lastInvalidLoginDate`, `lockoutDate`, `verificationCode`, `verificationCodeIssuedDate`, `passwordResetRequired`, `lastPasswordChangeDate`, `dateCreated`, `dateUpdated`, `uid`) VALUES ('1', 'jhamilton', NULL, NULL, NULL, 'hello@madebyhdc.com', '$2a$13$ELLP2mdUZnAxIzecViGPsO2UyndDSZxW.bUKGFamhX2J5KiixmGf2', NULL, '1', 'active', '2014-03-19 00:57:09', '::1', NULL, NULL, NULL, NULL, NULL, NULL, '0', '2014-02-03 19:42:41', '2014-02-03 19:42:41', '2014-03-19 00:57:09', 'ede7e4b7-3095-400f-a72a-ee3308579965');



--
-- Schema for table `craft_widgets`
--

DROP TABLE IF EXISTS `craft_widgets`;

CREATE TABLE `craft_widgets` (
  `id` int(11) NOT NULL AUTO_INCREMENT,
  `userId` int(11) NOT NULL,
  `type` char(150) COLLATE utf8_unicode_ci NOT NULL,
  `sortOrder` tinyint(4) DEFAULT NULL,
  `settings` text COLLATE utf8_unicode_ci,
  `enabled` tinyint(1) unsigned NOT NULL DEFAULT '1',
  `dateCreated` datetime NOT NULL,
  `dateUpdated` datetime NOT NULL,
  `uid` char(36) COLLATE utf8_unicode_ci NOT NULL DEFAULT '0',
  PRIMARY KEY (`id`),
  KEY `craft_widgets_userId_fk` (`userId`)
) ENGINE=InnoDB AUTO_INCREMENT=6 DEFAULT CHARSET=utf8 COLLATE=utf8_unicode_ci;

--
-- Data for table `craft_widgets`
--

INSERT INTO `craft_widgets` (`id`, `userId`, `type`, `sortOrder`, `settings`, `enabled`, `dateCreated`, `dateUpdated`, `uid`) VALUES ('1', '1', 'QuickPost', '1', '{\"section\":\"2\"}', '1', '2014-02-03 19:42:45', '2014-02-03 19:42:45', '412ac8dc-4775-440f-8ab3-741699877655');
INSERT INTO `craft_widgets` (`id`, `userId`, `type`, `sortOrder`, `settings`, `enabled`, `dateCreated`, `dateUpdated`, `uid`) VALUES ('2', '1', 'RecentEntries', '2', NULL, '1', '2014-02-03 19:42:45', '2014-02-03 19:42:45', 'b7561071-33ad-4172-be9c-6914b8cd0cb2');
INSERT INTO `craft_widgets` (`id`, `userId`, `type`, `sortOrder`, `settings`, `enabled`, `dateCreated`, `dateUpdated`, `uid`) VALUES ('3', '1', 'GetHelp', '3', NULL, '1', '2014-02-03 19:42:45', '2014-02-03 19:42:45', '7cfdd306-92d8-4031-9a01-601035900548');
INSERT INTO `craft_widgets` (`id`, `userId`, `type`, `sortOrder`, `settings`, `enabled`, `dateCreated`, `dateUpdated`, `uid`) VALUES ('4', '1', 'Updates', '4', NULL, '1', '2014-02-03 19:42:45', '2014-02-03 19:42:45', 'f34756ab-2966-4bc4-ae8c-9e8cedd6ca5b');
INSERT INTO `craft_widgets` (`id`, `userId`, `type`, `sortOrder`, `settings`, `enabled`, `dateCreated`, `dateUpdated`, `uid`) VALUES ('5', '1', 'Feed', '5', '{\"url\":\"http:\\/\\/feeds.feedburner.com\\/blogandtonic\",\"title\":\"Blog & Tonic\"}', '1', '2014-02-03 19:42:45', '2014-02-03 19:42:45', '2919ef0f-d64a-4241-9221-022821622569');


--
-- Constraints for tables
--


--
-- Constraints for table `craft_assetfiles`
--
ALTER TABLE `craft_assetfiles`
	ADD CONSTRAINT `craft_assetfiles_folderId_fk` FOREIGN KEY (`folderId`) REFERENCES `craft_assetfolders` (`id`) ON DELETE CASCADE,
	ADD CONSTRAINT `craft_assetfiles_id_fk` FOREIGN KEY (`id`) REFERENCES `craft_elements` (`id`) ON DELETE CASCADE,
	ADD CONSTRAINT `craft_assetfiles_sourceId_fk` FOREIGN KEY (`sourceId`) REFERENCES `craft_assetsources` (`id`) ON DELETE CASCADE;

--
-- Constraints for table `craft_assetfolders`
--
ALTER TABLE `craft_assetfolders`
	ADD CONSTRAINT `craft_assetfolders_parentId_fk` FOREIGN KEY (`parentId`) REFERENCES `craft_assetfolders` (`id`) ON DELETE CASCADE,
	ADD CONSTRAINT `craft_assetfolders_sourceId_fk` FOREIGN KEY (`sourceId`) REFERENCES `craft_assetsources` (`id`) ON DELETE CASCADE;

--
-- Constraints for table `craft_assetindexdata`
--
ALTER TABLE `craft_assetindexdata`
	ADD CONSTRAINT `craft_assetindexdata_sourceId_fk` FOREIGN KEY (`sourceId`) REFERENCES `craft_assetsources` (`id`) ON DELETE CASCADE;

--
-- Constraints for table `craft_content`
--
ALTER TABLE `craft_content`
	ADD CONSTRAINT `craft_content_elementId_fk` FOREIGN KEY (`elementId`) REFERENCES `craft_elements` (`id`) ON DELETE CASCADE,
	ADD CONSTRAINT `craft_content_locale_fk` FOREIGN KEY (`locale`) REFERENCES `craft_locales` (`locale`) ON DELETE CASCADE ON UPDATE CASCADE;

--
-- Constraints for table `craft_elements_i18n`
--
ALTER TABLE `craft_elements_i18n`
	ADD CONSTRAINT `craft_elements_i18n_elementId_fk` FOREIGN KEY (`elementId`) REFERENCES `craft_elements` (`id`) ON DELETE CASCADE,
	ADD CONSTRAINT `craft_elements_i18n_locale_fk` FOREIGN KEY (`locale`) REFERENCES `craft_locales` (`locale`) ON DELETE CASCADE ON UPDATE CASCADE;

--
-- Constraints for table `craft_emailmessages`
--
ALTER TABLE `craft_emailmessages`
	ADD CONSTRAINT `craft_emailmessages_locale_fk` FOREIGN KEY (`locale`) REFERENCES `craft_locales` (`locale`) ON DELETE CASCADE ON UPDATE CASCADE;

--
-- Constraints for table `craft_entries`
--
ALTER TABLE `craft_entries`
	ADD CONSTRAINT `craft_entries_authorId_fk` FOREIGN KEY (`authorId`) REFERENCES `craft_users` (`id`) ON DELETE CASCADE,
	ADD CONSTRAINT `craft_entries_id_fk` FOREIGN KEY (`id`) REFERENCES `craft_elements` (`id`) ON DELETE CASCADE,
	ADD CONSTRAINT `craft_entries_sectionId_fk` FOREIGN KEY (`sectionId`) REFERENCES `craft_sections` (`id`) ON DELETE CASCADE,
	ADD CONSTRAINT `craft_entries_typeId_fk` FOREIGN KEY (`typeId`) REFERENCES `craft_entrytypes` (`id`) ON DELETE CASCADE;

--
-- Constraints for table `craft_entries_i18n`
--
ALTER TABLE `craft_entries_i18n`
	ADD CONSTRAINT `craft_entries_i18n_entryId_fk` FOREIGN KEY (`entryId`) REFERENCES `craft_entries` (`id`) ON DELETE CASCADE,
	ADD CONSTRAINT `craft_entries_i18n_locale_fk` FOREIGN KEY (`locale`) REFERENCES `craft_locales` (`locale`) ON DELETE CASCADE ON UPDATE CASCADE,
	ADD CONSTRAINT `craft_entries_i18n_sectionId_fk` FOREIGN KEY (`sectionId`) REFERENCES `craft_sections` (`id`) ON DELETE CASCADE;

--
-- Constraints for table `craft_entrydrafts`
--
ALTER TABLE `craft_entrydrafts`
	ADD CONSTRAINT `craft_entrydrafts_creatorId_fk` FOREIGN KEY (`creatorId`) REFERENCES `craft_users` (`id`) ON DELETE CASCADE,
	ADD CONSTRAINT `craft_entrydrafts_entryId_fk` FOREIGN KEY (`entryId`) REFERENCES `craft_entries` (`id`) ON DELETE CASCADE,
	ADD CONSTRAINT `craft_entrydrafts_locale_fk` FOREIGN KEY (`locale`) REFERENCES `craft_locales` (`locale`) ON DELETE CASCADE ON UPDATE CASCADE,
	ADD CONSTRAINT `craft_entrydrafts_sectionId_fk` FOREIGN KEY (`sectionId`) REFERENCES `craft_sections` (`id`) ON DELETE CASCADE;

--
-- Constraints for table `craft_entrytypes`
--
ALTER TABLE `craft_entrytypes`
	ADD CONSTRAINT `craft_entrytypes_fieldLayoutId_fk` FOREIGN KEY (`fieldLayoutId`) REFERENCES `craft_fieldlayouts` (`id`) ON DELETE SET NULL,
	ADD CONSTRAINT `craft_entrytypes_sectionId_fk` FOREIGN KEY (`sectionId`) REFERENCES `craft_sections` (`id`) ON DELETE CASCADE;

--
-- Constraints for table `craft_entryversions`
--
ALTER TABLE `craft_entryversions`
	ADD CONSTRAINT `craft_entryversions_creatorId_fk` FOREIGN KEY (`creatorId`) REFERENCES `craft_users` (`id`) ON DELETE SET NULL,
	ADD CONSTRAINT `craft_entryversions_entryId_fk` FOREIGN KEY (`entryId`) REFERENCES `craft_entries` (`id`) ON DELETE CASCADE,
	ADD CONSTRAINT `craft_entryversions_locale_fk` FOREIGN KEY (`locale`) REFERENCES `craft_locales` (`locale`) ON DELETE CASCADE ON UPDATE CASCADE,
	ADD CONSTRAINT `craft_entryversions_sectionId_fk` FOREIGN KEY (`sectionId`) REFERENCES `craft_sections` (`id`) ON DELETE CASCADE;

--
-- Constraints for table `craft_fieldlayoutfields`
--
ALTER TABLE `craft_fieldlayoutfields`
	ADD CONSTRAINT `craft_fieldlayoutfields_fieldId_fk` FOREIGN KEY (`fieldId`) REFERENCES `craft_fields` (`id`) ON DELETE CASCADE,
	ADD CONSTRAINT `craft_fieldlayoutfields_layoutId_fk` FOREIGN KEY (`layoutId`) REFERENCES `craft_fieldlayouts` (`id`) ON DELETE CASCADE,
	ADD CONSTRAINT `craft_fieldlayoutfields_tabId_fk` FOREIGN KEY (`tabId`) REFERENCES `craft_fieldlayouttabs` (`id`) ON DELETE CASCADE;

--
-- Constraints for table `craft_fieldlayouttabs`
--
ALTER TABLE `craft_fieldlayouttabs`
	ADD CONSTRAINT `craft_fieldlayouttabs_layoutId_fk` FOREIGN KEY (`layoutId`) REFERENCES `craft_fieldlayouts` (`id`) ON DELETE CASCADE;

--
-- Constraints for table `craft_fields`
--
ALTER TABLE `craft_fields`
	ADD CONSTRAINT `craft_fields_groupId_fk` FOREIGN KEY (`groupId`) REFERENCES `craft_fieldgroups` (`id`) ON DELETE CASCADE;

--
-- Constraints for table `craft_globalsets`
--
ALTER TABLE `craft_globalsets`
	ADD CONSTRAINT `craft_globalsets_fieldLayoutId_fk` FOREIGN KEY (`fieldLayoutId`) REFERENCES `craft_fieldlayouts` (`id`) ON DELETE SET NULL,
	ADD CONSTRAINT `craft_globalsets_id_fk` FOREIGN KEY (`id`) REFERENCES `craft_elements` (`id`) ON DELETE CASCADE;

--
-- Constraints for table `craft_matrixblocks`
--
ALTER TABLE `craft_matrixblocks`
	ADD CONSTRAINT `craft_matrixblocks_fieldId_fk` FOREIGN KEY (`fieldId`) REFERENCES `craft_fields` (`id`) ON DELETE CASCADE,
	ADD CONSTRAINT `craft_matrixblocks_id_fk` FOREIGN KEY (`id`) REFERENCES `craft_elements` (`id`) ON DELETE CASCADE,
	ADD CONSTRAINT `craft_matrixblocks_ownerId_fk` FOREIGN KEY (`ownerId`) REFERENCES `craft_elements` (`id`) ON DELETE CASCADE,
	ADD CONSTRAINT `craft_matrixblocks_typeId_fk` FOREIGN KEY (`typeId`) REFERENCES `craft_matrixblocktypes` (`id`) ON DELETE CASCADE;

--
-- Constraints for table `craft_matrixblocktypes`
--
ALTER TABLE `craft_matrixblocktypes`
	ADD CONSTRAINT `craft_matrixblocktypes_fieldId_fk` FOREIGN KEY (`fieldId`) REFERENCES `craft_fields` (`id`) ON DELETE CASCADE,
	ADD CONSTRAINT `craft_matrixblocktypes_fieldLayoutId_fk` FOREIGN KEY (`fieldLayoutId`) REFERENCES `craft_fieldlayouts` (`id`) ON DELETE SET NULL;

--
-- Constraints for table `craft_matrixcontent_galleryimagesleft`
--
ALTER TABLE `craft_matrixcontent_galleryimagesleft`
	ADD CONSTRAINT `craft_matrixcontent_galleryimagesleft_elementId_fk` FOREIGN KEY (`elementId`) REFERENCES `craft_elements` (`id`) ON DELETE CASCADE,
	ADD CONSTRAINT `craft_matrixcontent_galleryimagesleft_locale_fk` FOREIGN KEY (`locale`) REFERENCES `craft_locales` (`locale`) ON DELETE CASCADE ON UPDATE CASCADE;

--
-- Constraints for table `craft_matrixcontent_galleryimagesright`
--
ALTER TABLE `craft_matrixcontent_galleryimagesright`
	ADD CONSTRAINT `craft_matrixcontent_galleryimagesright_elementId_fk` FOREIGN KEY (`elementId`) REFERENCES `craft_elements` (`id`) ON DELETE CASCADE,
	ADD CONSTRAINT `craft_matrixcontent_galleryimagesright_locale_fk` FOREIGN KEY (`locale`) REFERENCES `craft_locales` (`locale`) ON DELETE CASCADE ON UPDATE CASCADE;

--
-- Constraints for table `craft_migrations`
--
ALTER TABLE `craft_migrations`
	ADD CONSTRAINT `craft_migrations_pluginId_fk` FOREIGN KEY (`pluginId`) REFERENCES `craft_plugins` (`id`) ON DELETE CASCADE;

--
-- Constraints for table `craft_relations`
--
ALTER TABLE `craft_relations`
	ADD CONSTRAINT `craft_relations_fieldId_fk` FOREIGN KEY (`fieldId`) REFERENCES `craft_fields` (`id`) ON DELETE CASCADE,
	ADD CONSTRAINT `craft_relations_sourceId_fk` FOREIGN KEY (`sourceId`) REFERENCES `craft_elements` (`id`) ON DELETE CASCADE,
	ADD CONSTRAINT `craft_relations_targetId_fk` FOREIGN KEY (`targetId`) REFERENCES `craft_elements` (`id`) ON DELETE CASCADE;

--
-- Constraints for table `craft_sections_i18n`
--
ALTER TABLE `craft_sections_i18n`
	ADD CONSTRAINT `craft_sections_i18n_locale_fk` FOREIGN KEY (`locale`) REFERENCES `craft_locales` (`locale`) ON DELETE CASCADE ON UPDATE CASCADE,
	ADD CONSTRAINT `craft_sections_i18n_sectionId_fk` FOREIGN KEY (`sectionId`) REFERENCES `craft_sections` (`id`) ON DELETE CASCADE;

--
-- Constraints for table `craft_sessions`
--
ALTER TABLE `craft_sessions`
	ADD CONSTRAINT `craft_sessions_userId_fk` FOREIGN KEY (`userId`) REFERENCES `craft_users` (`id`) ON DELETE CASCADE;

--
-- Constraints for table `craft_shunnedmessages`
--
ALTER TABLE `craft_shunnedmessages`
	ADD CONSTRAINT `craft_shunnedmessages_userId_fk` FOREIGN KEY (`userId`) REFERENCES `craft_users` (`id`) ON DELETE CASCADE;

--
-- Constraints for table `craft_tags`
--
ALTER TABLE `craft_tags`
	ADD CONSTRAINT `craft_tags_id_fk` FOREIGN KEY (`id`) REFERENCES `craft_elements` (`id`) ON DELETE CASCADE,
	ADD CONSTRAINT `craft_tags_setId_fk` FOREIGN KEY (`setId`) REFERENCES `craft_tagsets` (`id`) ON DELETE CASCADE;

--
-- Constraints for table `craft_tagsets`
--
ALTER TABLE `craft_tagsets`
	ADD CONSTRAINT `craft_tagsets_fieldLayoutId_fk` FOREIGN KEY (`fieldLayoutId`) REFERENCES `craft_fieldlayouts` (`id`) ON DELETE SET NULL;

--
-- Constraints for table `craft_usergroups_users`
--
ALTER TABLE `craft_usergroups_users`
	ADD CONSTRAINT `craft_usergroups_users_groupId_fk` FOREIGN KEY (`groupId`) REFERENCES `craft_usergroups` (`id`) ON DELETE CASCADE,
	ADD CONSTRAINT `craft_usergroups_users_userId_fk` FOREIGN KEY (`userId`) REFERENCES `craft_users` (`id`) ON DELETE CASCADE;

--
-- Constraints for table `craft_userpermissions_usergroups`
--
ALTER TABLE `craft_userpermissions_usergroups`
	ADD CONSTRAINT `craft_userpermissions_usergroups_groupId_fk` FOREIGN KEY (`groupId`) REFERENCES `craft_usergroups` (`id`) ON DELETE CASCADE,
	ADD CONSTRAINT `craft_userpermissions_usergroups_permissionId_fk` FOREIGN KEY (`permissionId`) REFERENCES `craft_userpermissions` (`id`) ON DELETE CASCADE;

--
-- Constraints for table `craft_userpermissions_users`
--
ALTER TABLE `craft_userpermissions_users`
	ADD CONSTRAINT `craft_userpermissions_users_permissionId_fk` FOREIGN KEY (`permissionId`) REFERENCES `craft_userpermissions` (`id`) ON DELETE CASCADE,
	ADD CONSTRAINT `craft_userpermissions_users_userId_fk` FOREIGN KEY (`userId`) REFERENCES `craft_users` (`id`) ON DELETE CASCADE;

--
-- Constraints for table `craft_users`
--
ALTER TABLE `craft_users`
	ADD CONSTRAINT `craft_users_id_fk` FOREIGN KEY (`id`) REFERENCES `craft_elements` (`id`) ON DELETE CASCADE,
	ADD CONSTRAINT `craft_users_preferredLocale_fk` FOREIGN KEY (`preferredLocale`) REFERENCES `craft_locales` (`locale`) ON DELETE SET NULL ON UPDATE CASCADE;

--
-- Constraints for table `craft_widgets`
--
ALTER TABLE `craft_widgets`
	ADD CONSTRAINT `craft_widgets_userId_fk` FOREIGN KEY (`userId`) REFERENCES `craft_users` (`id`) ON DELETE CASCADE;

SET FOREIGN_KEY_CHECKS = 1;
